,Rank,Name,Ranked2021,Ranked2020,Country,Sector,CAGR,Revenue2020,Revenue2017,Employees2020,Employees2017,FoundingYear
1,2,Kilo Health,No,No,Lithuania,Health,450.05,57318766.0,344428.0,177,10,2013
2,3,OCI,No,No,UK,Financial Services,409.59,568322073.0,4325512.0,32,4,2012
3,4,OnlyFans,No,No,UK,Technology,393.63,316732986.0,2652185.0,800,4,2016
4,5,Enpal,No,No,Germany,Energy,386.88,56109613.0,486165.0,365,9,2017
5,6,MR Consulting,No,No,Germany,Waste management & recycling,343.52,13165586.0,150908.0,9,2,2017
6,7,Thriva,No,No,UK,Health,321.66,18732563.0,251668.0,57,12,2015
7,8,Exotec,No,No,France,Industrial Goods,306.86,47597000.0,706700.0,200,15,2015
8,9,Winelivery,No,No,Italy,Ecommerce,303.73,7337290.0,111500.0,10,1,2015
9,10,Instabox,No,No,Sweden,Technology,299.73,24484879.0,392055.0,117,5,2015
10,11,Waterdrop,No,No,Austria,Food & Beverage,292.74,41205930.0,680197.0,180,12,2016
11,12,One Lease,No,No,France,Support Services,289.09,9015211.0,153046.0,11,2,2016
12,13,Datlas*,No,No,Italy,Technology,287.39,9034926.0,155406.0,251,13,2017
13,14,Zego,No,No,UK,Fintech,276.63,12158046.0,229201.0,224,36,2016
14,15,HCL-Logistics,No,No,Germany,Transport,262.97,11387156.0,238118.0,24,5,2017
15,16,Popsa,No,No,UK,Technology,262.15,21455864.0,454975.0,34,4,2016
16,17,Unit8,No,No,Switzerland,Technology,255.1,7234981.0,149397.0,41,2,2017
17,18,Luoto Company,No,No,Finland,Technology,253.14,14338668.0,325585.0,49,6,2016
18,19,Journi Print,No,No,Austria,Ecommerce,249.41,6851839.0,160624.0,29,9,2014
19,20,Portify,No,No,France,Support Services,248.11,11583215.0,274575.0,228,23,2017
20,21,Tibber,No,No,Norway,Energy,247.71,30886935.0,782918.0,45,8,2015
21,22,Rascal Industry,No,No,Poland,Fashion,245.65,9008822.0,238451.0,18,6,2013
22,23,Pegaso Security,No,No,Italy,Support Services,243.23,8375180.0,207120.0,509,20,2017
23,24,Tide,No,No,UK,Fintech,239.17,16136633.0,416562.0,581,72,2016
24,25,Euro Top Brand,No,No,Italy,Retail,236.96,13888900.0,363010.0,1,1,2017
25,26,Bold Security Group,No,No,UK,Support Services,225.75,6238378.0,181772.0,26,6,2011
26,27,Play Magnus Group,No,No,Norway,Games industry,213.04,6461790.0,214673.0,140,10,2013
27,28,Blue Whale Growth Fund,No,No,UK,Financial Services,212.69,5189391.0,170950.0,7,1,2016
28,29,Kazidomi,No,No,Belgium,Ecommerce,212.45,8042499.0,263663.0,65,3,2016
29,30,Sun Finance,Yes,No,Latvia,Fintech,210.7,121306296.0,4044537.0,800,90,2012
30,31,Credimi,No,No,Italy,Financial Services,209.33,11301520.0,381830.0,56,21,2015
31,32,SIRPLUS,No,No,Germany,Retail,208.23,4540000.0,155043.0,133,8,2017
32,33,AIHR | Academy to Innovate HR,No,No,The Netherlands,Education,205.53,3584553.0,125682.0,31,6,2016
33,34,Logistics Capital Partners (LCP),No,No,Luxembourg,Property,205.25,210563743.0,7403458.0,27,9,2015
34,35,Südwest Invest,No,No,Germany,Property,202.24,5820402.0,210820.0,10,2,2017
35,36,CORADE (Plurimmo),No,No,France,Property,201.7,56018731.0,2039961.0,7,7,2000
36,37,Carranco,No,No,Spain,Food & Beverage,199.6,4176440.0,155310.0,5,4,2006
37,38,Telemedi,No,No,Poland,Health,198.98,4452513.0,182100.0,50,10,2014
38,39,Inkitt,No,No,Germany,Technology,195.49,5926970.0,229713.0,56,22,2014
39,40,H.K.Trading,No,No,Italy,Retail,193.9,5721590.0,225380.0,2,1,2016
40,41,Attest,No,No,UK,Technology,193.34,4864178.0,194090.0,124,16,2015
41,42,LGM IMMOBILIER,No,No,France,Property,193.05,2549778.0,101311.0,11,10,2016
42,43,Wolfram Chain*,No,No,The Netherlands,Management Consulting,189.02,2431371.0,100711.0,29,7,2017
43,44,RightNow,No,No,Germany,Technology,186.72,8951132.0,379771.0,38,3,2017
44,45,EO Charging,Yes,No,UK,Technology,183.64,17158962.0,757323.0,63,7,2014
45,46,CheTariffa.it,No,No,Italy,Support Services,182.93,2495860.0,110200.0,9,2,2013
46,47,Simply,No,No,UK,Financial Services,181.52,16483836.0,744092.0,90,26,2017
47,48,Salary Finance,No,No,UK,Fintech,181.5,8593220.0,387995.0,187,24,2015
48,49,DBT,No,No,Sweden,Fintech,179.79,3837994.0,179204.0,10,2,2017
49,50,Tutlo,No,No,Poland,Education,179.69,7778203.0,388565.0,140,15,2016
50,51,Ponera,No,No,France,Ecommerce,179.45,25901607.0,1186853.0,27,4,2013
51,52,Active Energy Solutions,No,No,Greece,Energy,175.01,13312033.0,640056.0,2,0,2014
52,53,ACTEAM ENR,No,No,France,Energy,174.43,2133691.0,103240.0,8,2,2012
53,54,Everflow,Yes,No,UK,Technology,172.73,64223085.0,3188715.0,70,8,2015
54,55,Azure Prism,No,No,UK,Retail,171.87,4752777.0,238216.0,1,1,2016
55,56,WR Logistics,No,No,Germany,Transport,171.11,11662200.0,585280.0,7,2,2017
56,57,iProov,No,No,UK,Technology,170.95,7435887.0,376519.0,61,14,2011
57,58,Spin Up,No,No,Italy,Advertising,169.89,4009330.0,203950.0,5,1,2017
58,59,BeGreat,No,No,Germany,Retail,167.01,5141555.0,270090.0,16,4,2012
59,60,Tsunami Nutrition*,No,No,Italy,Ecommerce,166.0,6945000.0,369000.0,17,2,2017
60,61,Matt Sleeps,No,No,The Netherlands,Interiors,163.5,9789240.0,535070.0,6,2,2016
61,62,Tessian,No,No,UK,Technology,162.21,15365580.0,858482.0,138,28,2013
62,63,Solarisbank,No,No,Germany,Financial Services,161.62,35938000.0,2007000.0,369,98,2016
63,64,M2DG (MyFlexoffice),No,No,France,Support Services,160.45,6630617.0,375323.0,21,2,2016
64,65,Eukon,No,No,Italy,Health,160.35,6393680.0,362320.0,11,2,2004
65,66,Evolution Adv,No,No,Italy,Advertising,160.07,14175780.0,805870.0,13,3,2016
66,67,Making Science,Yes,Yes,Spain,Technology,159.33,57670541.0,3306795.0,274,47,2001
67,68,Everli,Yes,Yes,Italy,Ecommerce,159.01,109248030.0,6287460.0,207,45,2014
68,69,AppFollow,No,No,Finland,Technology,158.37,2210636.0,128176.0,73,12,2014
69,70,Synerise,No,No,Poland,Technology,157.82,3999023.0,255062.0,190,40,2013
70,71,ChaiKola,No,No,Poland,Food & Beverage,157.37,5158786.0,330763.0,8,4,2010
71,72,Scolution,No,No,Germany,Technology,157.04,1825546.0,107492.0,12,4,2015
72,73,JL&P,No,No,France,Energy,156.47,2212606.0,131164.0,15,3,2017
73,74,eFarma.com,No,No,Italy,Pharmaceuticals,156.11,20150800.0,1199580.0,50,8,2017
74,75,Elvie,Yes,Yes,UK,Technology,155.16,40813930.0,2474341.0,138,22,2013
75,76,Farmarelax,No,No,Italy,Personal & Household Goods,154.43,4459170.0,270750.0,5,1,2010
76,77,Omnisend,Yes,No,UK,Technology,151.71,11761268.0,742746.0,99,20,2008
77,78,World Trade Group,No,No,Italy,Fashion,149.82,4897950.0,314150.0,5,1,2017
78,79,BESTEAM Conseil,No,No,France,Technology,149.54,3871782.0,249176.0,32,2,2016
79,80,Motorway,No,No,UK,Automobiles,147.76,4838407.0,320411.0,96,5,2016
80,81,ISO Public Services,No,No,Germany,Technology,146.03,10019903.0,672821.0,26,0,2014
81,82,Octopus Energy,Yes,No,UK,Energy,144.89,2120071949.0,145398192.0,918,106,2015
82,83,CyberIAM*,No,No,UK,Cyber Security,144.8,5639335.0,387161.0,82,8,2017
83,84,Cbweed*,No,No,Italy,Personal & Household Goods,142.64,3500000.0,245000.0,17,2,2017
84,85,Catraport,No,No,Portugal,Automobiles,141.39,7294549.0,518613.0,46,18,2015
85,86,OUIHELP,No,No,France,Support Services,141.29,3686617.0,262421.0,106,13,2016
86,87,Inpay,Yes,No,Denmark,Fintech,140.93,23803000.0,1702000.0,67,33,2013
87,88,M.G.I. Meccaniche Generali Irpine,No,No,Italy,Industrial Goods,140.07,2610700.0,188680.0,10,4,2017
88,89,Glencar Construction,Yes,No,UK,Construction,139.27,107860442.0,7930094.0,80,7,2016
89,90,Qmee,Yes,No,UK,Technology,139.17,12571314.0,925527.0,23,9,2010
90,91,MyAppFree,No,No,Italy,Advertising,138.97,5764870.0,422420.0,10,1,2015
91,92,Investa Dienstleistungen,No,No,Germany,Support Services,138.85,2176136.0,159707.0,55,8,2014
92,93,Polarium Energy Solutions,Yes,No,Sweden,Batteries,138.52,74065413.0,5581858.0,58,19,2014
93,94,Baroni Home,No,No,Italy,Ecommerce,138.36,1531358.0,113072.0,5,4,2016
94,95,Dayshape,No,No,UK,Technology,138.19,3320479.0,247465.0,45,6,2013
95,96,Marketers Company,No,No,Italy,Advertising,138.11,1880460.0,139300.0,8,3,2016
96,97,Easo Magno,No,No,Spain,Beauty,137.67,3061854.0,228076.0,5,2,2017
97,98,Greyfood,No,No,Germany,Retail,137.6,9187050.0,684874.0,10,1,2016
98,99,Misfits Health,No,No,UK,Food & Beverage,137.18,2266155.0,171057.0,9,3,2016
99,100,MeilleursBiens.com,No,No,France,Property,136.67,3864176.0,291481.0,5,1,2010
100,101,Fasanara Capital,No,No,UK,Financial Services,136.11,11527860.0,882099.0,36,5,2011
101,102,NtechLab,No,No,Cyprus,Technology,136.02,8730000.0,664000.0,122,44,2015
102,103,Babylino Sensitive,No,No,Italy,Personal & Household Goods,135.82,2851840.0,217460.0,5,2,2016
103,104,Fastned,Yes,No,The Netherlands,Technology,135.03,6890000.0,530667.0,54,24,2012
104,105,Oxray,No,No,Portugal,Health,133.86,5465756.0,427339.0,6,2,2009
105,106,ZEGA Invest,No,No,Germany,Property,132.91,3785340.0,299598.0,4,3,2017
106,107,Abylon Consulting,No,No,Hungary,Technology,132.47,1721315.0,159128.0,7,2,2016
107,108,Milrab,No,No,Norway,Ecommerce,132.16,79302201.0,6753191.0,77,20,2005
108,109,Urbantz,No,No,Belgium,Technology,132.12,3031099.0,242368.0,55,7,2015
109,110,Tricas Construction,No,No,UK,Construction,131.97,15880745.0,1281462.0,32,6,2017
110,111,Florence One,No,No,Italy,Technology,131.28,1629099.0,131691.0,10,6,2017
111,112,Ergotopia,No,No,Germany,Retail,131.19,7664825.0,620283.0,35,8,2014
112,113,Mcule.com Kft.,Yes,No,Hungary,Chemicals & Pharmaceuticals,131.03,2683264.0,252713.0,17,5,2011
113,114,Filo,No,No,Italy,Technology,130.96,10049610.0,815690.0,18,9,2014
114,115,Homepal,No,No,Italy,Property,130.9,1603990.0,130290.0,11,4,2014
115,116,Staffbase,No,No,Germany,Technology,130.32,26894501.0,2201178.0,310,55,2014
116,117,ILON MATERIEL,No,No,France,Construction,129.69,2512300.0,207327.0,4,2,2016
117,118,Bio-marine,No,No,Ireland,Personal & Household Goods,129.63,1612837.0,133200.0,25,7,2014
118,119,ISODECO,No,No,France,Construction,129.18,2906133.0,241411.0,18,2,2016
119,120,Treedom,No,No,Italy,Support Services,128.81,6709720.0,560150.0,42,18,2010
120,121,Fenstermaxx24,No,No,Germany,Retail,128.15,8466121.0,712855.0,20,3,2016
121,122,Pohl & Söhne Gerüstbau,No,No,Germany,Construction,127.34,2124763.0,180824.0,31,7,2017
122,123,YSO CORP,No,No,France,Media,127.25,6689503.0,570012.0,13,3,2013
123,124,Gyada Cosmetics,No,No,Italy,Beauty,127.18,1830610.0,156130.0,10,2,2017
124,125,Privitar,Yes,No,UK,Technology,126.93,9923965.0,855321.0,190,47,2014
125,126,Delineate,No,No,UK,Technology,126.7,3332661.0,288095.0,25,1,2015
126,127,Spyrosoft,Yes,No,Poland,Technology,126.48,24721755.0,2326082.0,563,75,2016
127,128,Bio Energy Solutions,No,No,Slovakia,Waste management & recycling,126.19,16006537.0,1383205.0,37,6,2014
128,129,Increso,No,No,Italy,Management Consulting,125.68,3230000.0,281000.0,51,2,2015
129,130,LSG - Logistic & Service Group,No,No,Italy,Transport,125.15,8873180.0,777410.0,46,1,2016
130,131,Energihem,No,No,Sweden,Construction,124.63,28004684.0,2527006.0,125,19,2015
131,132,Amity,No,No,UK,Technology,123.72,5743440.0,522712.0,164,48,2012
132,133,Goyago,No,No,Germany,Retail,122.74,3729920.0,337525.0,43,4,2014
133,134,LA REGIE DE PORTAGE SALARIAL,No,No,France,Support Services,122.61,7638731.0,692440.0,140,23,2016
134,135,Dall Energy,Yes,Yes,Denmark,Energy,121.81,6013000.0,551000.0,15,5,2007
135,136,Appinio,No,No,Germany,Technology,121.61,3597000.0,330500.0,44,5,2014
136,137,Pinsami,No,No,Italy,Food & Beverage,120.71,4892000.0,455000.0,33,14,2015
137,138,AER TRADING,No,No,France,Retail,120.35,17575388.0,1643572.0,1,1,2013
138,139,VALUMEN,No,No,France,Support Services,120.26,2196424.0,205554.0,4,1,2014
139,140,Follow,No,No,France,Advertising,119.95,6844818.0,643299.0,14,4,2016
140,141,Darpdecade,No,No,Germany,Retail,119.27,6624660.0,628384.0,173,4,2016
141,142,Bolt,Yes,Yes,Estonia,Technology,118.93,221393889.0,21098843.0,1798,399,2013
142,143,Kiteworldshop.com,No,No,Italy,Ecommerce,118.38,1671984.0,160539.0,5,2,2014
143,144,Peter Kenkel,No,Yes,Germany,Retail,118.2,22137000.0,2131000.0,19,10,2006
144,145,Templafy,Yes,No,Denmark,Technology,118.11,15486451.0,1521010.0,292,32,2014
145,146,Comservice,No,No,Italy,Support Services,117.94,2016300.0,194780.0,99,17,2014
146,147,Falcor Presse,No,No,Italy,Industrial Goods,117.38,2996770.0,291720.0,5,1,2017
147,148,RoomRaccoon,No,No,The Netherlands,Technology,117.38,1715334.0,167000.0,40,8,2017
148,149,Signaturit,Yes,Yes,Spain,Technology,116.95,5639953.0,552355.0,95,37,2013
149,150,Modulr,No,No,UK,Fintech,116.5,12789098.0,1269382.0,191,31,2015
150,151,PROFISHOP,No,No,Germany,Ecommerce,116.11,43812068.0,4340517.0,63,17,2012
151,152,Floer,No,No,The Netherlands,Interiors,116.02,2520013.0,249975.0,15,2,2015
152,153,Audiosalus,No,No,Italy,Retail,115.74,1569480.0,156300.0,12,4,2011
153,154,StatsBomb,No,No,UK,Technology,115.29,2027170.0,204620.0,26,2,2016
154,155,Theras Biocare,Yes,No,Italy,Pharmaceuticals,114.64,26633230.0,2693390.0,8,2,2013
155,156,Stenn,No,No,UK,Fintech,114.5,29615571.0,3058141.0,61,32,2016
156,157,Nanushka,Yes,Yes,Hungary,Fashion,114.33,20825934.0,2456563.0,180,30,2012
157,158,DPM - Deutsches Personal Management,Yes,No,Germany,Support Services,114.18,2267760.0,230800.0,60,10,2016
158,159,Monese,No,No,UK,Fintech,114.0,18196451.0,1870109.0,243,84,2013
159,160,Arquimea,Yes,No,Spain,Technology,113.05,72044361.0,7450099.0,288,40,2005
160,161,Groupe PERSPECTIVE,No,No,France,Education,112.98,2709000.0,280390.0,18,4,2013
161,162,Funnel,Yes,No,Sweden,Technology,112.98,11499031.0,1217338.0,155,37,2014
162,163,Living Quarter,No,No,Germany,Health,111.62,5016731.0,529371.0,49,5,2015
163,164,Svea Solar,No,No,Sweden,Energy,111.23,66146911.0,7177912.0,287,38,2013
164,165,Bevcraft Group,No,No,Ireland,Food & Beverage,111.21,4046859.0,429505.0,16,6,2016
165,166,Learning Technologies Group,Yes,No,UK,Technology,110.61,19446429.0,2096570.0,932,767,2013
166,167,Cura Farma,No,No,Italy,Health,109.96,4436220.0,479290.0,9,2,2014
167,168,Kamado Bono,No,No,Lithuania,Personal & Household Goods,109.88,6801734.0,735758.0,7,2,2013
168,169,SIPADAN,No,No,Spain,Management Consulting,109.83,3457203.0,374200.0,47,3,2007
169,170,Dateio,No,No,Czech Republic,Fintech,108.95,4710733.0,530785.0,45,18,2013
170,171,CREST Investment,Yes,No,Germany,Property,108.86,4857817.0,533144.0,16,4,2016
171,172,Componenti Digitali,No,No,Italy,Retail,108.67,2805850.0,308810.0,19,2,2017
172,173,IMMO-KONZEPTE,No,No,Germany,Property,107.81,2269276.0,252871.0,6,3,2006
173,174,SwipBox,No,No,Denmark,Technology,107.4,9391760.0,1052796.0,41,3,2014
174,175,Nextory,No,No,Sweden,Media,107.29,26534087.0,3046667.0,85,9,2015
175,176,ITDS Polska,Yes,No,Poland,Technology,107.23,8609941.0,1057443.0,176,32,2016
176,177,Savait,No,No,Italy,Ecommerce,107.07,2108040.0,237410.0,5,4,2015
177,178,Adpone,Yes,No,Spain,Advertising,106.94,11124512.0,1255372.0,18,3,2015
178,179,Nord Security,No,No,Lithuania,Cyber Security,106.85,156623915.0,18035029.0,1000,350,2012
179,180,Mews,Yes,No,The Netherlands,Technology,106.81,22386000.0,2531000.0,226,25,2012
180,181,Titulae,No,No,Spain,Education,106.75,4870863.0,551128.0,35,9,2015
181,182,systeme.io,No,No,Ireland,Ecommerce,106.48,2407982.0,273552.0,40,5,2016
182,183,EODH SA,No,No,Greece,Aerospace & Defence,105.35,2597612.0,299988.0,30,20,2003
183,184,Multix solutions,Yes,No,Italy,Health,105.23,11586460.0,1340430.0,5,2,2015
184,185,B2DIGIT,No,No,France,Technology,105.19,1978128.0,228982.0,12,2,2016
185,186,A Million Ads,No,No,UK,Advertising,105.03,4882837.0,570564.0,47,5,2015
186,187,WoodWatch,Yes,No,The Netherlands,Retail,104.76,5590390.0,651170.0,25,5,2013
187,188,Fenêtres du Doubs,No,No,France,Construction,104.36,2238347.0,262280.0,12,3,2010
188,189,Koesea,No,No,Germany,Construction,104.08,3400000.0,400000.0,65,3,2016
189,190,Podium Advanced Technologies,Yes,Yes,Italy,Automobiles,103.68,18025740.0,2133310.0,38,14,2011
190,191,SPEGRA,No,No,Croatia,Construction,103.61,17059791.0,2025879.0,166,109,2010
191,192,GPAINNOVA,Yes,Yes,Spain,Industrial Goods,103.25,15245617.0,1815680.0,117,18,2013
192,193,Soluzione Tasse,No,No,Italy,Management Consulting,102.97,18939430.0,2264940.0,23,4,2016
193,194,Velocultour,No,No,Germany,Retail,102.58,2458500.0,295731.0,15,2,2016
194,195,butorpiac.hu,No,No,Hungary,Ecommerce,102.55,2184336.0,305268.0,7,2,2011
195,196,Success Solutions,No,No,Czech Republic,Technology,102.26,2633664.0,327218.0,44,8,2016
196,197,Bug Bite Thing Europe,No,No,Denmark,Health,101.84,1577878.0,191679.0,1,1,1989
197,198,Dexatel,Yes,Yes,Estonia,Technology,101.78,11087980.0,1349733.0,24,4,2015
198,199,Gemco,No,No,Italy,Construction,101.54,3941900.0,481510.0,6,1,2015
199,200,Lyonnaise de Construction et Renovation,No,No,France,Construction,101.44,6640842.0,812371.0,30,10,2015
200,201,Gousto,Yes,Yes,UK,Food & Beverage,101.13,210945370.0,26112757.0,702,204,2012
201,202,Winter in Venice,No,No,UK,Beauty,100.89,12682062.0,1575522.0,6,4,2010
202,203,Infratech Bau,Yes,Yes,Germany,Construction,100.83,60067088.0,7415334.0,72,18,2007
203,204,4Streets Building Innovation Tunnels Bridges Roads,No,No,Italy,Construction,100.74,6739630.0,833230.0,46,3,2016
204,205,Landbay,Yes,Yes,UK,Fintech,100.68,8980496.0,1119178.0,95,31,2013
205,206,Degoo,No,No,Sweden,Technology,100.67,1973775.0,249818.0,18,3,2012
206,207,Franco Fresco,Yes,Yes,Germany,Food & Beverage,100.64,50723858.0,6280267.0,320,52,2016
207,208,Lendable,No,No,UK,Fintech,100.63,40305193.0,5026349.0,84,25,2014
208,209,Ulrich Müller Wealth Academy,No,No,Germany,Education,99.88,3516744.0,440369.0,6,2,2014
209,210,cerascreen,Yes,Yes,Germany,Health,99.87,10499782.0,1315000.0,84,19,2012
210,211,Eqinov,Yes,No,France,Energy,99.71,70183744.0,8811708.0,43,24,2011
211,212,Serre Famiglia Pederiva Viticoltori dal 1958,No,No,Italy,Food & Beverage,99.59,9022020.0,1134730.0,12,7,1996
212,213,Bloom & Wild,No,No,UK,Ecommerce,99.43,155595726.0,19757296.0,170,68,2013
213,214,Bräutigam,No,No,Germany,Automobiles,99.43,6315124.0,796207.0,29,9,2016
214,215,Newil & Bau,Yes,No,Finland,Construction,99.42,19420672.0,2448858.0,7,1,2006
215,216,ID Finance,Yes,Yes,Spain,Fintech,98.97,103634000.0,13157000.0,411,271,2015
216,217,Kry,No,No,Sweden,Health,98.61,77764611.0,10152222.0,600,74,2014
217,218,Sixth Sense,Yes,No,Italy,Technology,98.54,3916570.0,500440.0,25,4,2015
218,219,Nethive,Yes,No,Italy,Cyber Security,98.46,3960770.0,506730.0,19,7,2014
219,220,Latitude Investment Management,No,No,UK,Financial Services,98.34,1750466.0,225964.0,8,3,2016
220,221,Qred,Yes,Yes,Sweden,Fintech,98.29,30414122.0,3989355.0,68,10,2015
221,222,oculavis,No,No,Germany,Technology,98.16,3924472.0,504357.0,55,15,2016
222,223,The Information Lab,No,No,Italy,Technology,97.97,4253110.0,548180.0,30,5,2015
223,224,MD Sonnenschutztechnik,No,No,Germany,Construction,97.92,4068621.0,524750.0,10,6,2015
224,225,Syntio,No,No,Croatia,Technology,97.79,2127532.0,274966.0,43,7,2017
225,226,Bomae,No,No,Denmark,Financial Services,97.76,1662487.0,214713.0,13,3,2016
226,227,Gophr,No,No,UK,Technology,97.07,5738336.0,755191.0,18,6,2014
227,228,Memory PC,Yes,No,Germany,Retail,96.85,57375000.0,7522000.0,110,20,2012
228,229,Sollis Solargroßhandel,No,No,Germany,Retail,96.77,11860100.0,1556607.0,6,2,2017
229,230,Spotawheel,Yes,No,Greece,Automobiles,96.62,15646588.0,2058315.0,123,37,2015
230,231,Ooni Pizza Ovens,Yes,Yes,UK,Personal & Household Goods,96.28,63879414.0,8508398.0,83,18,2012
231,232,Robovox Distributions,No,No,Germany,Retail,96.26,19427000.0,2570000.0,35,10,2015
232,233,CentralNic Group,No,No,UK,Technology,96.18,197260279.0,26626422.0,650,92,2000
233,234,Bernd Andert Transporte,No,No,Germany,Transport,95.88,4105262.0,546226.0,83,16,2003
234,235,Bluewater Bio,No,No,UK,Technology,95.84,20201424.0,2708983.0,18,16,2007
235,236,Tecma Solutions,Yes,Yes,Italy,Technology,95.8,7319870.0,975140.0,107,25,2012
236,237,Delante,Yes,No,Poland,Sales & Marketing,95.39,2160094.0,316525.0,48,21,2015
237,238,intumind,Yes,No,Germany,Health,95.0,6560962.0,884885.0,15,8,2015
238,239,Saljol,No,No,Germany,Health,94.93,4146403.0,559778.0,15,10,2016
239,240,TKD Solutions,No,No,Germany,Telecoms,94.82,15874245.0,2146950.0,20,9,2014
240,241,Kuori,No,No,Finland,Technology,94.5,2501902.0,340000.0,15,5,2016
241,242,Ferroamp,Yes,No,Sweden,Energy,94.5,7645003.0,1062649.0,42,21,2010
242,243,Valor Real Estate Partners,No,No,UK,Financial Services,94.4,4534588.0,621636.0,23,6,2016
243,244,Anexiti,No,No,France,Technology,94.26,2565735.0,350019.0,14,2,2013
244,245,GENIUS,No,No,France,Support Services,94.12,2417902.0,330522.0,23,6,2017
245,246,Instilla,Yes,No,Italy,Advertising,93.91,2993310.0,410520.0,31,3,2015
246,247,FOOTDISTRICT,Yes,Yes,Spain,Ecommerce,93.85,14942262.0,2051133.0,60,12,2012
247,248,Spiideo,Yes,No,Sweden,Technology,93.76,4799358.0,674805.0,36,12,2012
248,249,ContractPodAi,No,No,UK,Technology,93.72,4875622.0,670685.0,118,14,2012
249,250,Tarhan Bauausführungen,No,No,Germany,Construction,93.62,1851000.0,255000.0,15,5,2017
250,251,Matillion,No,No,UK,Technology,93.49,24580709.0,3417815.0,218,44,2010
251,252,Extra Mile Live Service,No,No,Germany,Retail,93.42,2637501.0,364485.0,5,2,2017
252,253,LITTLEBIG CONNECTION,No,Yes,France,Support Services,92.43,111538883.0,15653388.0,173,17,2013
253,254,SPC General Service,Yes,No,Italy,Construction,92.3,6788660.0,954700.0,50,15,2011
254,255,jobandtalent,Yes,Yes,Spain,Technology,92.03,352879165.0,49833511.0,801,156,2008
255,256,Financial House,No,No,UK,Fintech,92.03,18766625.0,2669247.0,20,14,2016
256,257,MyLead,No,No,Poland,Sales & Marketing,92.02,2004501.0,309471.0,42,8,2013
257,258,Mia-Platform,Yes,Yes,Italy,Technology,91.78,6515510.0,923730.0,74,15,2016
258,259,Tecnimed,No,No,Italy,Health,91.74,9551790.0,1354980.0,32,20,1976
259,260,Longevity Partners,No,No,UK,Retail,91.42,2336243.0,335460.0,22,5,2015
260,261,NexumStp,Yes,Yes,Italy,Management Consulting,91.42,25667400.0,3659630.0,345,56,2015
261,262,G-ON,No,No,France,Support Services,91.12,1810459.0,259342.0,16,3,2016
262,263,Picnic,No,No,UK,Advertising,90.45,1508869.0,219999.0,10,3,2016
263,264,Egomnia,No,No,Italy,Technology,90.1,1901140.0,276750.0,36,2,2012
264,265,LoyaltyLion,No,No,UK,Technology,90.09,4483296.0,657382.0,40,10,2012
265,266,reMarkable,No,No,Norway,Technology,89.59,115793390.0,18106514.0,142,22,2016
266,267,Kubrick,Yes,No,UK,Management Consulting,89.46,32614354.0,4829922.0,673,119,2016
267,268,Contrader,Yes,No,Italy,Technology,89.44,4682960.0,688860.0,35,7,2012
268,269,SAMONT,Yes,No,Germany,Industrial Goods,89.41,19577339.0,2880891.0,89,39,2008
269,270,Sirive,No,No,Italy,Construction,89.33,4527690.0,667170.0,5,1,2017
270,271,Multienergia Verde,No,No,Spain,Energy,89.15,146453604.0,21640253.0,15,10,2014
271,272,Wielandts UPMT,No,No,Belgium,Technology,89.06,1529270.0,226295.0,6,1,2013
272,273,ASKET,No,No,Sweden,Fashion,88.81,6525278.0,991534.0,13,4,2015
273,274,Central Warehouse Solution,No,No,Czech Republic,Transport,88.44,1788545.0,274790.0,45,10,2015
274,275,Chef in Camicia,No,No,Italy,Advertising,88.2,2071960.0,310810.0,21,2,2015
275,276,Piper Homes,No,No,UK,Construction,88.17,30436232.0,4601266.0,28,9,2015
276,277,Alturas Cubiertas Y Fachadas,No,No,Spain,Construction,87.96,9375243.0,1411811.0,33,12,2014
277,278,Autosalon Uhingen,No,No,Germany,Automobiles,87.95,10540000.0,1587500.0,11,2,2015
278,279,Yumi Beauty,No,No,France,Chemicals & Pharmaceuticals,87.73,2678257.0,404819.0,5,1,2013
279,280,FOR ME LAB,No,No,France,Ecommerce,87.21,1652073.0,251795.0,7,2,2016
280,281,Stockholms Elbolag,No,No,Sweden,Energy,87.16,32265912.0,5033032.0,25,7,2015
281,282,Flohr,No,No,Germany,Waste management & recycling,87.15,21249638.0,3241629.0,84,21,1999
282,283,Agricodem,No,No,Italy,Agricultural Commodities,87.03,2856530.0,436610.0,4,1,2008
283,284,DACH Schutzbekleidung,No,No,Germany,Industrial Goods,86.82,45227730.0,6936038.0,80,14,2005
284,285,EM-Tec Energiemontagen,No,No,Germany,Construction,86.75,3002729.0,461000.0,16,7,2017
285,286,Wave Studio,No,No,Romania,Technology,86.63,4105688.0,656172.0,9,8,2014
286,287,bazzar,No,No,Croatia,Retail,86.45,6686617.0,1034093.0,17,3,2013
287,288,Cybersprint,Yes,No,The Netherlands,Cyber Security,86.44,2914738.0,449771.0,43,10,2015
288,289,Brandon Group,Yes,No,Italy,Ecommerce,86.3,32039000.0,4954590.0,34,19,2012
289,290,Feiniko Handelsgesellschaft,Yes,Yes,Germany,Retail,86.24,32168909.0,4979484.0,13,1,2014
290,291,PharmaGrin,No,No,Italy,Health,85.59,2701410.0,422610.0,21,2,2015
291,292,Life M,No,No,Czech Republic,Technology,85.57,2001844.0,322050.0,3,1,2016
292,293,Plásticos Dão / Sacos & Saquetas,No,No,Portugal,Industrial Goods,85.53,1946703.0,304833.0,16,5,2012
293,294,Logipal24,Yes,No,Germany,Transport,84.65,4967568.0,789058.0,70,19,2010
294,295,PastBook,Yes,Yes,The Netherlands,Technology,84.47,33651532.0,5361088.0,22,23,2012
295,296,Bluefin,Yes,No,UK,Ecommerce,84.45,28993287.0,4653721.0,21,6,2013
296,297,Milk & Honey PR,No,No,UK,Sales & Marketing,84.3,1528900.0,245974.0,18,4,2016
297,298,Prodeval,No,No,France,Energy,84.23,73514217.0,11756712.0,220,70,1990
298,299,Virta,Yes,Yes,Finland,Technology,84.18,11029402.0,1765457.0,110,23,2013
299,300,BizAway,Yes,No,Italy,Travel & Leisure,84.1,1989950.0,318940.0,28,4,2015
300,301,Karl & Léon,No,No,France,Retail,83.77,2391019.0,385266.0,6,2,2015
301,302,Identity,No,No,UK,Management Consulting,83.45,22885804.0,3733539.0,80,39,2001
302,303,BlackBelt Holding,No,No,Hungary,Technology,83.41,5695000.0,923000.0,55,4,2016
303,304,DYNVEO,No,No,France,Retail,83.31,3687780.0,598678.0,13,1,2010
304,305,Favi,No,No,Czech Republic,Ecommerce,83.26,24995030.0,4174549.0,29,7,2016
305,306,Hopkins,No,No,Finland,Sales & Marketing,83.16,4534346.0,737936.0,27,4,2016
306,307,AP Italian Luxury,Yes,No,Italy,Fashion,83.06,4283930.0,698300.0,7,3,2016
307,308,Novicap,Yes,Yes,UK,Fintech,83.03,3383802.0,551848.0,45,20,2015
308,309,IGLM Store,No,No,Italy,Ecommerce,82.7,7790420.0,1277410.0,5,1,2013
309,310,LUIS Technology,No,No,Germany,Technology,82.51,10000511.0,1644899.0,41,8,1999
310,311,Quantexa,Yes,No,UK,Fintech,82.22,33902755.0,5643295.0,275,55,2016
311,312,Enerbrain,No,No,Italy,Energy,81.99,4131370.0,685370.0,37,9,2014
312,313,Brinckmann,No,No,Germany,Construction,81.93,6037461.0,1002579.0,28,7,2013
313,314,LMG Building,Yes,No,Italy,Construction,81.67,6255970.0,1043440.0,12,6,1982
314,315,Nordic Unmanned,Yes,No,Norway,Aerospace & Defence,81.55,6305237.0,1122907.0,33,12,2013
315,316,Hemisphere,No,No,France,Property,81.09,6484822.0,1091925.0,6,2,2017
316,317,therapiezentrum.com NW,No,No,Germany,Health,80.87,2916337.0,492860.0,87,23,2017
317,318,Beauhurst,No,No,UK,Technology,80.54,5355215.0,916511.0,82,39,2010
318,319,C.U.N. Cargo Carriers,No,No,Romania,Transport,80.52,7103702.0,1207613.0,49,43,2017
319,320,MG Project,Yes,No,Italy,Telecoms,80.48,8208450.0,1396400.0,34,23,2016
320,321,BONMEA,Yes,No,Germany,Retail,80.44,14597418.0,2484783.0,6,3,2015
321,322,Oceanis Yachts,No,No,Italy,Travel & Leisure,80.38,3059130.0,521250.0,6,2,2007
322,323,OPUS DB,No,No,France,Construction,80.31,12171118.0,2076139.0,8,2,2016
323,324,Devensys Cybersecurity,No,No,France,Technology,80.3,3403055.0,580644.0,27,9,2013
324,325,Project Agora,No,No,Cyprus,Advertising,80.26,19798875.0,3380420.0,104,25,2016
325,326,BETTERTRUST,No,No,Germany,Advertising,80.05,4981938.0,853561.0,19,5,2012
326,327,Banale,No,No,Italy,Ecommerce,79.96,2051370.0,352000.0,10,3,2014
327,328,Maatwerk Online,No,No,The Netherlands,Sales & Marketing,79.78,1673382.0,287985.0,17,5,2013
328,329,Les constructeurs du bois,No,No,France,Property,79.67,5087783.0,877275.0,6,1,2011
329,330,Esserre Pharma,No,No,Italy,Pharmaceuticals,79.61,2556640.0,441260.0,10,6,2013
330,331,OnBuy.com,No,No,UK,Ecommerce,79.55,2720319.0,473344.0,18,8,2014
331,332,Gojob,Yes,No,France,Support Services,79.53,40546000.0,7007000.0,108,27,2015
332,333,Newroom,No,No,Germany,Retail,79.09,3669217.0,638739.0,10,6,2016
333,334,Christmas the Original,No,No,Italy,Retail,79.09,1994200.0,347190.0,9,3,2016
334,335,Dimaxbau,No,No,Germany,Construction,78.96,2003989.0,349641.0,16,5,2016
335,336,Comnovis IT,No,No,Germany,Technology,78.8,1900000.0,332372.0,9,2,2013
336,337,Die Direktkontakter,No,No,Germany,Support Services,78.8,2818000.0,493000.0,8,4,2016
337,338,Mega Trasporti,Yes,No,Italy,Transport,78.67,18168170.0,3185180.0,400,30,2010
338,339,LeHibou,Yes,No,France,Technology,78.65,13816792.0,2423113.0,40,9,2014
339,340,Stufe A Pellet Italia,Yes,No,Italy,Interiors,78.61,3598050.0,631500.0,13,3,2014
340,341,Aquis Exchange,Yes,Yes,UK,Financial Services,78.6,12824155.0,2267165.0,46,31,2012
341,342,Chattermill,Yes,No,UK,Technology,78.51,2306045.0,408336.0,50,8,2015
342,343,SchönerTel,No,No,Germany,Construction,78.44,16388546.0,2884392.0,45,10,2016
343,344,Global Work,Yes,Yes,Italy,Telecoms,78.42,3174000.0,558820.0,57,8,2011
344,345,allygatr,No,No,Germany,Support Services,78.2,1914500.0,338300.0,9,1,2012
345,346,Cru Wine,Yes,Yes,UK,Food & Beverage,78.19,9235946.0,1644134.0,14,3,2013
346,347,Abc Rent,Yes,No,Italy,Automobiles,77.85,21818000.0,3878370.0,8,5,2004
347,348,Superior Wellness,No,No,UK,Personal & Household Goods,77.7,54150622.0,9719653.0,57,20,2011
348,349,Schrott24,No,No,Austria,Waste management & recycling,77.67,14641523.0,2610679.0,12,3,2016
349,350,Mazzoni Etech,No,No,Italy,Industrial Goods,77.5,2344440.0,419240.0,14,3,2017
350,351,Berdugo Immobilier,No,No,France,Property,77.38,15049845.0,2696485.0,6,4,1996
351,352,Nova rent,No,No,Lithuania,Industrial Goods,77.18,8900000.0,1600000.0,37,9,2016
352,353,Rouvy,No,No,Czech Republic,Games industry,77.1,4058269.0,751071.0,38,13,2013
353,354,Business Analysis & Legal Expertise - B.A.L.E.,No,No,Italy,Management Consulting,76.78,2943020.0,532690.0,4,3,2015
354,355,JMB,No,No,Poland,Energy,76.75,70179000.0,12709000.0,381,172,2000
355,356,NOCNOC,No,No,France,Travel & Leisure,76.61,1596167.0,289766.0,13,2,2016
356,357,CrowdProperty,Yes,No,UK,Fintech,76.43,2941537.0,539486.0,33,5,2013
357,358,Tutos’Me,No,No,France,Education,76.28,4989872.0,910963.0,42,4,2015
358,359,Studio Eko’,No,No,Italy,Management Consulting,76.17,1740660.0,318370.0,10,4,2011
359,360,Beings,No,No,UK,Technology,75.92,1881768.0,348129.0,7,2,2010
360,361,dmrgroupltd.com,No,Yes,Poland,Chemicals & Pharmaceuticals,75.78,7050124.0,1418769.0,6,3,2013
361,362,Ice Telecommunications Ltd,No,No,UK,Telecoms,75.73,16067551.0,2982238.0,119,35,2014
362,363,Gallas Group,No,No,Italy,Support Services,75.62,4640710.0,856790.0,95,18,2012
363,364,Etracom,Yes,Yes,Italy,Ecommerce,75.4,22952660.0,4253600.0,10,4,2010
364,365,Xalient,No,No,UK,Technology,75.36,26199717.0,4893654.0,88,38,2015
365,366,Labevolution,No,No,Italy,Health,75.27,7264130.0,1349250.0,30,5,2009
366,367,Kuadra,Yes,No,Italy,Interiors,74.92,3400580.0,635400.0,20,9,2015
367,368,Kyo Electric,Yes,Yes,Spain,Telecoms,74.7,5402302.0,1013181.0,8,3,2014
368,369,SoPost,No,No,UK,Technology,74.57,7825138.0,1481398.0,32,13,2012
369,370,S.F.R.E.,No,No,Italy,Construction,74.55,3004290.0,564910.0,44,7,2016
370,371,Sportstech,Yes,Yes,Germany,Retail,74.45,108500233.0,20436426.0,262,60,2012
371,372,Opéra Energie,Yes,No,France,Energy,74.06,11218211.0,2127151.0,98,40,2014
372,373,RouteNote,No,No,UK,Technology,74.06,38428858.0,7339330.0,76,28,2010
373,374,Doctify,No,No,UK,Health,73.87,2409255.0,461671.0,40,26,2016
374,375,Fruugo,Yes,No,UK,Ecommerce,73.86,21793194.0,4176347.0,67,30,2008
375,376,Insidemarketing,No,No,Germany,Technology,73.44,2971846.0,569646.0,15,7,2012
376,377,Falzi,No,No,Italy,Waste management & recycling,73.29,2037320.0,391540.0,11,2,2013
377,378,Atrys Health,No,No,Spain,Health,73.27,31396438.0,6035116.0,504,62,2015
378,379,Il Cantiere Costruzioni,No,No,Italy,Construction,73.25,4297790.0,826430.0,4,1,2016
379,380,Soorce,Yes,Yes,Germany,Support Services,73.13,15639618.0,3013629.0,22,13,2004
380,381,Sortlist,No,No,Belgium,Technology,73.08,3396000.0,655000.0,85,26,2013
381,382,VirtusLab,Yes,Yes,Poland,Technology,72.93,12468548.0,2635420.0,234,90,2010
382,383,SkalHuset.se,No,No,Sweden,Ecommerce,72.83,7342811.0,1454711.0,16,5,2012
383,384,VIPINO,No,No,Germany,Retail,72.72,11067681.0,2148122.0,26,6,2013
384,385,GEA Service,No,No,Italy,Waste management & recycling,72.32,6673050.0,1304060.0,133,30,2015
385,386,Gellify,Yes,No,Italy,Technology,72.31,5581540.0,1090920.0,62,12,2016
386,387,Billion Dollar Boy,Yes,No,UK,Advertising,72.28,13085484.0,2577297.0,92,42,2014
387,388,Westrafo,No,No,Italy,Energy,71.75,22072700.0,4356500.0,58,19,2014
388,389,Goboony,No,No,The Netherlands,Travel & Leisure,71.56,1718442.0,340309.0,21,10,2015
389,390,Multiservice Ambrosiana,No,No,Italy,Support Services,71.47,4266770.0,846360.0,180,60,2016
390,391,b&c systems,No,No,Germany,Construction,71.35,5339538.0,1061327.0,65,16,2016
391,392,S&G Solar,No,Yes,Bulgaria,Energy,71.29,3980920.0,792093.0,10,31,2014
392,393,BITTNET,No,Yes,Romania,Management Consulting,71.24,22436395.0,4641712.0,120,40,2007
393,394,Ibanfirst,Yes,Yes,Belgium,Fintech,71.1,12062697.0,2408187.0,204,47,2013
394,395,UPLINK Network,Yes,Yes,Germany,Telecoms,70.98,28140196.0,5629906.0,46,20,2013
395,396,BASE ORGANIC FOOD,No,No,France,Agricultural Commodities,70.93,10802997.0,2163006.0,25,6,2015
396,397,CurrentBody,No,No,UK,Ecommerce,70.87,38002441.0,7671961.0,74,20,2009
397,398,Apex Aero,No,No,UK,Aerospace & Defence,70.85,3812785.0,770031.0,6,1,2016
398,399,Startup Development House,No,No,Poland,Technology,70.85,1514111.0,303615.0,59,25,2016
399,400,Gruppo Gheron,No,No,Italy,Health,70.79,58422800.0,11728040.0,806,8,2010
400,401,DyFlowing,No,No,Italy,Technology,70.65,1696320.0,341370.0,30,5,2016
401,402,Digital Masters,No,No,Germany,Advertising,70.6,3019110.0,608053.0,40,22,2016
402,403,Prusseit Auto-Outlet,No,No,Germany,Automobiles,70.37,2576602.0,520998.0,17,3,2017
403,404,Techouse,No,No,Norway,Energy,70.37,31852584.0,6863940.0,72,30,2002
404,405,SVS,No,No,Italy,Construction,70.22,9694310.0,1965560.0,8,3,2016
405,406,TelcoSwitch Group,No,No,UK,Telecoms,69.91,7519236.0,1543824.0,86,18,2017
406,407,BOTHE-REIMANN Tortechnik,No,No,Germany,Construction,69.91,2277791.0,464354.0,8,3,2017
407,408,e-Pol / Personalizzalo,No,No,Italy,Ecommerce,69.83,16089160.0,3284400.0,12,8,2012
408,409,Riluxa,No,No,Spain,Interiors,69.82,3428464.0,700007.0,18,3,2016
409,410,Modalis,No,No,France,Transport,69.8,19169652.0,3915724.0,8,6,2002
410,411,OLYMPP,No,No,France,Technology,69.71,5512134.0,1127652.0,27,8,2016
411,412,Zeck Fishing,Yes,Yes,Germany,Retail,69.35,6806664.0,1401463.0,25,4,2013
412,413,StorPool Storage,No,No,Bulgaria,Technology,69.29,3306191.0,681460.0,25,16,2011
413,414,Vimcar,No,No,Germany,Technology,69.09,14674011.0,3035269.0,164,72,2013
414,415,JOANNES DISTRIBUTION SAS,No,Yes,France,Retail,68.83,7064900.0,1468200.0,8,5,2011
415,416,Sourcing Force,No,No,France,Technology,68.78,12806965.0,2663699.0,30,8,2011
416,417,Schalttechnik Nord,No,No,Germany,Technology,68.7,12489032.0,2601157.0,60,16,2000
417,418,DGC,No,No,Germany,Cyber Security,68.57,1577296.0,329298.0,27,5,2015
418,419,Superprof,Yes,Yes,France,Education,68.2,10168214.0,2136626.0,202,28,2013
419,420,Improveasy,Yes,No,UK,Management Consulting,68.15,26446798.0,5602132.0,48,12,2011
420,421,Viaréno,No,No,France,Construction,68.13,6937737.0,1459655.0,30,8,2014
421,422,CMT,No,No,Slovakia,Waste management & recycling,67.95,1951232.0,411858.0,19,10,2013
422,423,Rets,No,No,Poland,Property,67.91,5206032.0,1201964.0,97,31,2014
423,424,MUBI,No,No,UK,Media,67.87,18356623.0,3954351.0,104,33,2007
424,425,Dynamicom Education,No,No,Italy,Education,67.86,9018160.0,1906790.0,27,3,2001
425,426,Touch4IT,No,No,Slovakia,Technology,67.69,2064141.0,437747.0,47,25,2015
426,427,TattaHome.com,No,No,Italy,Interiors,67.5,2800000.0,595800.0,8,4,1986
427,428,Speechmatics,Yes,Yes,UK,Technology,67.27,7161145.0,1541070.0,90,37,2006
428,429,Samy Road,Yes,Yes,Spain,Advertising,67.19,19458114.0,4163750.0,118,20,2012
429,430,Prometeo,No,No,Italy,Support Services,67.16,3580500.0,766510.0,9,6,2006
430,431,Dialectica,Yes,No,UK,Management Consulting,67.08,17078846.0,3688264.0,260,65,2015
431,432,Wolf & Badger,Yes,No,UK,Ecommerce,67.01,11604670.0,2508842.0,62,32,2009
432,433,Eco CO2,Yes,Yes,France,Support Services,66.93,9220216.0,1982251.0,94,28,2009
433,434,Lakógép Kft.,No,No,Hungary,Construction,66.9,25335854.0,6328462.0,20,3,2011
434,435,Beyer Betonwaren,No,No,Germany,Construction,66.9,2062749.0,443694.0,20,9,2017
435,436,Fill Up Média,Yes,Yes,France,Media,66.61,4999802.0,1081079.0,42,12,2011
436,437,Zara Imballaggi Fabriano,Yes,No,Italy,Industrial Goods,66.6,2297210.0,496790.0,6,4,1984
437,438,CD Projekt,No,No,Poland,Games industry,66.52,468257487.0,110835763.0,1177,744,1994
438,439,VPACE Bikes,No,No,Germany,Retail,66.46,2643580.0,573145.0,10,1,2015
439,440,Tooltester,Yes,No,Spain,Sales & Marketing,66.45,3646507.0,790712.0,6,0,2014
440,441,Bunker Partner,Yes,Yes,Estonia,Energy,66.45,101726265.0,22060642.0,7,2,2015
441,442,Tikamoon,No,No,France,Ecommerce,66.31,56122322.0,12200275.0,130,40,2006
442,443,S.T.A.R. Digital,No,No,Croatia,Advertising,66.31,3211868.0,699907.0,8,10,2013
443,444,Funding Options,Yes,No,UK,Fintech,66.26,5922043.0,1297717.0,62,29,2011
444,445,Isimed,No,No,Italy,Health,66.26,4828920.0,1050660.0,14,8,2014
445,446,"Sonar, SonarQube, SonarCloud, SonarLint",No,No,Switzerland,Technology,66.14,83632640.0,16861349.0,195,50,2008
446,447,Scherer,No,No,Germany,Support Services,66.11,4285766.0,934994.0,30,4,2016
447,448,Mycroclean Italia,No,No,Italy,Support Services,66.0,3366730.0,736000.0,24,14,2002
448,449,Piscor,No,No,Italy,Ecommerce,65.86,4842410.0,1061360.0,16,8,2015
449,450,Marwincar,Yes,No,Italy,Automobiles,65.85,5083140.0,1114200.0,3,1,2016
450,451,Brighton & Hove Albion Football Club,No,No,UK,Travel & Leisure,65.79,148505285.0,32824451.0,1038,288,1993
451,452,INPE Transport,No,No,Bulgaria,Transport,65.78,1816274.0,398676.0,60,5,2015
452,453,RTB House,Yes,Yes,Poland,Technology,65.76,191601076.0,45981552.0,773,266,2013
453,454,Obiz,Yes,Yes,France,Media,65.55,15377000.0,3389300.0,38,27,2010
454,455,VmWay,Yes,Yes,Italy,Technology,65.22,15901220.0,3525720.0,70,33,2012
455,456,Legimi,No,No,Poland,Media,65.21,7007093.0,1698358.0,12,8,2009
456,457,MSG Beauty,No,No,Germany,Retail,65.2,2910737.0,645633.0,11,5,2011
457,458,Leogra Trading,No,No,Germany,Retail,65.11,5078464.0,1128243.0,11,4,2014
458,459,Benefind,No,No,Italy,Technology,64.8,2262490.0,505520.0,32,10,2012
459,460,AB Oil & Gas Service,No,No,Italy,Support Services,64.74,2310000.0,516640.0,13,5,2017
460,461,Mailtrack,Yes,No,Spain,Technology,64.41,3445698.0,775341.0,23,14,2013
461,462,Bumper,Yes,No,UK,Fintech,64.25,3394214.0,771504.0,33,15,2013
462,463,OTL - Online Trainer,No,No,Germany,Health,64.21,6607564.0,1492190.0,46,22,2015
463,464,Macingo Technologies,No,No,Italy,Support Services,64.18,1601000.0,361790.0,17,9,2014
464,465,MYCS,No,No,Germany,Retail,63.92,39355846.0,8935361.0,210,120,2014
465,466,Audience Serv,No,No,Germany,Advertising,63.8,6107018.0,1389534.0,92,23,2008
466,467,Start,No,No,Italy,Telecoms,63.8,3769100.0,857590.0,8,4,2012
467,468,MvH Media,No,No,The Netherlands,Sales & Marketing,63.73,2391654.0,544943.0,29,8,2010
468,469,PURE GAMING,Yes,Yes,France,Ecommerce,63.65,6984956.0,1593667.0,2,1,2010
469,470,Parcel Compare,No,No,UK,Transport,63.55,9085936.0,2091995.0,8,4,1998
470,471,Ames Centro Polidiagnostico Strumentale,Yes,Yes,Italy,Health,63.54,40391360.0,9235130.0,81,71,1979
471,472,Arcadia Italia,No,No,Italy,Energy,63.52,3249140.0,743130.0,6,1,2016
472,473,Zia Lucia,Yes,No,UK,Restaurants,63.45,4853930.0,1119494.0,43,16,2016
473,474,Travaglini Costruzioni,No,No,Italy,Construction,63.05,4603740.0,1062010.0,37,16,1952
474,475,Versa Design Zycle,No,No,Spain,Technology,62.86,9501888.0,2199640.0,81,10,2008
475,476,MAUCHER CONSULT,No,No,Germany,Construction,62.84,1952000.0,452091.0,15,5,2016
476,477,Ayes,Yes,No,Italy,Technology,62.76,10827070.0,2510930.0,137,51,2015
477,478,BrandUp Group,Yes,No,Italy,Advertising,62.75,2718640.0,630660.0,5,1,2016
478,479,Opyn,No,No,Italy,Financial Services,62.58,4168220.0,969930.0,19,11,2012
479,480,VAR Capital,No,No,UK,Financial Services,62.57,2132001.0,499815.0,8,4,2014
480,481,StoryTerrace,No,No,UK,Technology,62.49,2843048.0,667467.0,25,9,2017
481,482,Blubit,No,No,Slovenia,Technology,62.48,2964852.0,691140.0,22,8,2009
482,483,ZEN’UP,No,No,France,Insurance,62.44,1891361.0,441271.0,9,9,2014
483,484,Lörcher Bauunternehmen,No,No,Germany,Construction,62.43,3932792.0,917735.0,25,17,2001
484,485,Barcode Architects,No,No,The Netherlands,Architecture,62.33,4851997.0,1134256.0,62,23,2010
485,486,TOP CHALEUR,No,No,France,Retail,62.17,7260096.0,1702165.0,27,9,2002
486,487,Seingim,Yes,Yes,Italy,Construction,62.12,13479380.0,3163540.0,160,52,1999
487,488,Amphibian Scaffolding,No,No,UK,Construction,62.08,4011415.0,948813.0,49,21,2008
488,489,Beliani,No,No,Liechtenstein,Ecommerce,62.06,93438770.0,20298288.0,551,205,2009
489,490,Hatstore,Yes,No,Sweden,Ecommerce,62.03,17453187.0,4195789.0,45,17,2011
490,491,Carpenteria Martino,No,No,Italy,Construction,62.0,9719750.0,2286000.0,27,19,2006
491,492,CapitalOnTap,Yes,Yes,UK,Fintech,61.98,82238372.0,19489369.0,147,61,2012
492,493,Netguru,No,No,Poland,Technology,61.89,34677235.0,8933769.0,637,199,2008
493,494,Fazio,No,No,Italy,Retail,61.65,3375810.0,799170.0,7,6,2014
494,495,Grillfürst,No,No,Germany,Retail,61.61,38599408.0,9145411.0,84,37,2010
495,496,Dealernet,No,No,Italy,Automobiles,61.46,22704300.0,5394020.0,18,14,2017
496,497,Alpha Real Estate,Yes,Yes,Germany,Property,61.33,119161137.0,28378990.0,57,14,2013
497,498,Appwise,No,No,Belgium,Technology,61.22,4546110.0,1084812.0,74,12,2013
498,499,Convert Group,Yes,No,Greece,Technology,61.18,2789489.0,666118.0,55,17,2014
499,500,Revolution Race,Yes,No,Sweden,Ecommerce,61.12,89332521.0,21841341.0,65,17,2013
500,501,GONG Galaxy,No,No,France,Retail,61.09,11320706.0,2708258.0,40,11,2009
501,502,GDR Costruzioni,No,No,Italy,Construction,61.09,1573480.0,376440.0,8,8,2011
502,503,Emporio Elettrico,No,No,Italy,Ecommerce,61.07,1979050.0,473640.0,4,1,2015
503,504,Exscientia AI,Yes,No,UK,Technology,61.04,10807048.0,2606296.0,87,15,2012
504,505,Featurespace,No,No,UK,Fintech,60.84,23501473.0,5688822.0,324,128,2005
505,506,XL ENERGIES,No,No,France,Energy,60.72,8358760.0,2013403.0,11,3,2016
506,507,Claveria,No,No,Spain,Support Services,60.64,4715363.0,1137450.0,43,20,2015
507,508,Timberagents,No,No,Germany,Retail,60.57,5302985.0,1280989.0,4,3,2010
508,509,fermeture econ’home,No,No,France,Construction,60.42,1862632.0,451196.0,30,2,2012
509,510,NRSE,No,No,Sweden,Management Consulting,60.05,3268813.0,815449.0,70,20,2014
510,511,SIMWERT,Yes,Yes,Germany,Telecoms,59.93,26386701.0,6450759.0,21,16,2011
511,512,Flex Legal,No,No,UK,Law,59.88,4319146.0,1064498.0,24,2,2015
512,513,Documaster,Yes,No,Norway,Technology,59.85,3328791.0,868552.0,41,15,2010
513,514,Immo-Team Allgäu,No,No,Germany,Construction,59.84,21974565.0,5381108.0,4,1,2014
514,515,creditshelf,Yes,No,Germany,Financial Services,59.74,4899200.0,1201900.0,57,17,2014
515,516,Blife,Yes,No,Italy,Food & Beverage,59.62,4133980.0,1016480.0,10,7,2016
516,517,Nohup,Yes,No,Italy,Technology,59.57,4785480.0,1177860.0,18,9,2004
517,518,Noctuai,Yes,No,Poland,Technology,59.56,2443117.0,657377.0,56,17,2012
518,519,Ares,Yes,Yes,Germany,Industrial Goods,59.5,14000000.0,3450000.0,96,47,2013
519,520,Moonpig Group,No,No,UK,Ecommerce,59.49,411390748.0,102139979.0,399,242,2000
520,521,Wealth Club,No,No,UK,Financial Services,59.38,6774867.0,1685348.0,22,15,2016
521,522,FACTORY,No,No,France,Property,59.3,12609000.0,3119000.0,25,4,2016
522,523,Beck Ingredients,No,No,Spain,Health,59.24,7532293.0,1865319.0,6,2,2016
523,524,Mentors & Partners Group,No,No,Hungary,Management Consulting,59.19,1822227.0,524552.0,3,3,2010
524,525,SB Supply,Yes,No,The Netherlands,Ecommerce,59.19,4363977.0,1081844.0,9,4,2011
525,526,Mediaboard,No,No,Czech Republic,Media,59.09,2243594.0,572798.0,24,8,2015
526,527,DW TRANS,Yes,Yes,France,Transport,59.06,9485173.0,2357096.0,80,20,2012
527,528,NACELEXPERT,No,No,France,Industrial Goods,58.94,2727392.0,679247.0,4,2,2006
528,529,keylight,No,No,Germany,Technology,58.93,3499555.0,871779.0,31,14,2015
529,530,Technacy,No,No,Italy,Technology,58.92,3059440.0,762200.0,13,3,2011
530,531,Genoskin,No,No,France,Chemicals & Pharmaceuticals,58.87,2810120.0,700823.0,25,12,2011
531,532,Payment Assist,Yes,Yes,UK,Fintech,58.41,5993895.0,1518678.0,21,12,2013
532,533,my Boo,No,No,Germany,Retail,58.4,4706000.0,1184000.0,65,14,2013
533,534,84codes.com,Yes,Yes,Sweden,Technology,58.4,12120207.0,3118698.0,25,11,2012
534,535,KLG LIQUIDA,No,No,Germany,Chemicals & Pharmaceuticals,58.38,5034595.0,1267224.0,20,6,2013
535,536,Ignimission,No,No,France,Technology,58.35,2280542.0,574323.0,35,8,2011
536,537,Adamant BioNRG,No,No,Italy,Energy,58.35,117997000.0,29718000.0,7,4,2013
537,538,Xplort,No,No,UK,Interiors,58.33,2252358.0,571513.0,5,2,2015
538,539,Bambridge Accountants,Yes,No,UK,Financial Services,58.3,3368822.0,855283.0,12,7,2010
539,540,G2Park,No,No,Slovakia,Property,58.2,2902148.0,732924.0,13,7,2016
540,541,Pelizzari Studio,No,No,Italy,Architecture,58.2,2625660.0,663100.0,5,2,2014
541,542,Postex,Yes,No,The Netherlands,Technology,57.86,5248908.0,1334213.0,9,4,2014
542,543,Consorzio Stabile Ambientemilia,Yes,Yes,Italy,Waste management & recycling,57.57,9752760.0,2492730.0,5,5,2013
543,544,Yocabe’,Yes,No,Italy,Ecommerce,57.53,3293860.0,842600.0,12,6,2016
544,545,Chez Nestor,Yes,Yes,France,Property,57.52,8559263.0,2189720.0,33,19,2012
545,546,Mint Italia,No,No,Italy,Transport,57.22,2415110.0,621500.0,9,2,2016
546,547,Sendcloud,Yes,Yes,The Netherlands,Ecommerce,57.2,81775452.0,21052232.0,233,27,2012
547,548,Datakey Software Engineering,No,No,Italy,Technology,57.16,1898000.0,488940.0,10,6,2008
548,549,Metaminds,Yes,Yes,Romania,Cyber Security,57.08,32103084.0,8605113.0,41,21,2015
549,550,Time Vision,No,No,Italy,Education,57.05,2793340.0,721090.0,29,11,2012
550,551,Werksräder24,Yes,Yes,Germany,Automobiles,57.03,14896000.0,3847000.0,36,16,2013
551,552,FOD Mobility Group,Yes,No,UK,Technology,56.98,13309945.0,3465675.0,70,35,2008
552,553,Selferg,No,No,Italy,Energy,56.78,2050130.0,531960.0,60,10,2007
553,554,Poppri Fashion Auctions,Yes,No,Lithuania,Ecommerce,56.7,13028856.0,3386414.0,94,45,2012
554,555,Vizion Network,Yes,No,UK,Automobiles,56.66,117817156.0,30862156.0,194,156,2008
555,556,Beyond Law Group*,No,No,UK,Law,56.61,8233616.0,2159010.0,66,27,2017
556,557,EDA Warehousing,No,No,Germany,Transport,56.6,4570000.0,1190000.0,14,13,2014
557,558,BPV,No,No,Germany,Telecoms,56.5,22704275.0,5923571.0,90,45,2013
558,559,Ultra Premium Direct,Yes,No,France,Agricultural Commodities,56.49,20779890.0,5422583.0,81,29,2013
559,560,AFR-IX telecom,Yes,Yes,Spain,Telecoms,56.46,9933867.0,2593649.0,24,12,2013
560,561,Blue energy,No,No,Poland,Cyber Security,56.42,4527970.0,1293181.0,44,28,2010
561,562,C’JUSTE PARIS,No,No,France,Retail,56.41,2404398.0,628388.0,15,5,2013
562,563,SOS-accessoire,No,No,France,Ecommerce,56.29,14690408.0,3848262.0,44,13,2007
563,564,Hannes König,No,No,Germany,Construction,56.21,8750671.0,2295632.0,27,18,2017
564,565,ZANATTA media group,No,No,Germany,Advertising,56.13,8383859.0,2202906.0,9,6,2007
565,566,Wastepack,No,No,UK,Waste management & recycling,56.1,22373295.0,5924389.0,20,18,1997
566,567,Radar Consulting Italia,No,No,Italy,Support Services,55.92,1580450.0,416960.0,17,7,2010
567,568,Agriconomie,Yes,Yes,France,Agricultural Commodities,55.86,37248117.0,9838779.0,53,32,2014
568,569,AnyTech365,Yes,Yes,Spain,Technology,55.49,18743704.0,4985758.0,364,187,2014
569,570,Cladspray Solutions,No,No,UK,Construction,55.48,1863819.0,499484.0,12,4,2013
570,571,iM Global Partner,No,No,France,Financial Services,55.35,31463692.0,8392541.0,50,10,2015
571,572,Confinvest,No,No,Italy,Precious metals,55.3,41130000.0,10982110.0,6,2,1983
572,573,Ethic Technology,Yes,Yes,France,Technology,55.24,8340824.0,2229273.0,3,2,2012
573,574,Bomax,Yes,No,Italy,Telecoms,55.15,71290680.0,19088830.0,7,6,2001
574,575,KK-Trade,No,No,Germany,Retail,55.1,4383254.0,1174770.0,15,4,2017
575,576,Marsapet,No,No,Germany,Retail,55.09,3960200.0,1061642.0,26,4,2015
576,577,Gruppo Tera,Yes,No,Italy,Ecommerce,55.02,20222750.0,5428300.0,16,8,2015
577,578,CodicePlastico,No,No,Italy,Technology,54.97,3068430.0,824450.0,14,7,2009
578,579,Tremend,No,Yes,Romania,Technology,54.96,20679155.0,5772716.0,426,185,2005
579,580,Doofinder,No,No,Spain,Technology,54.94,6590434.0,1771758.0,61,17,2010
580,581,Hostinger,Yes,Yes,Lithuania,Technology,54.92,25860664.0,6955394.0,780,80,2004
581,582,Catalyx,Yes,Yes,Switzerland,Sales & Marketing,54.9,6540543.0,1627160.0,39,9,2013
582,583,Harness Code,No,No,Bulgaria,Sales & Marketing,54.78,2223308.0,599612.0,9,6,2016
583,584,Nanoprom Chemicals,No,No,Italy,Chemicals & Pharmaceuticals,54.76,2779910.0,749940.0,17,5,2014
584,585,Elite,No,Yes,Spain,Construction,54.72,10060550.0,2716240.0,49,27,2012
585,586,AppUnite,Yes,Yes,Poland,Technology,54.53,4424063.0,1310532.0,119,26,2012
586,587,Eskalia et Nakupenda,No,No,France,Retail,54.52,1515414.0,410775.0,7,2,2006
587,588,LGX Logistics,No,No,Germany,Transport,54.42,8070059.0,2191733.0,12,3,2006
588,589,Polipop,No,No,Portugal,Industrial Goods,54.41,3351671.0,910392.0,22,11,2015
589,590,StampaSi,No,No,Italy,Ecommerce,54.4,2543820.0,691110.0,10,1,2016
590,591,CAM,No,No,Italy,Industrial Goods,54.4,12280490.0,3336600.0,67,45,1984
591,592,Plug In Digital,Yes,Yes,France,Media,54.35,13767602.0,3743740.0,37,12,2012
592,593,Predica,No,No,Poland,Technology,54.29,17589082.0,5233937.0,241,82,2009
593,594,Ocean Transport,No,No,Spain,Transport,54.23,4783846.0,1304073.0,19,2,2009
594,595,Serinus,No,No,UK,Energy,54.08,19651446.0,5474802.0,75,103,1997
595,596,DEMV Deutscher Maklerverbund,Yes,No,Germany,Financial Services,53.87,5012841.0,1375943.0,50,20,2009
596,597,STI Norland,Yes,No,Spain,Energy,53.74,199822150.0,54990779.0,221,53,1996
597,598,HD Elektrotechnik,Yes,No,Germany,Technology,53.73,4207672.0,1158042.0,76,27,2011
598,599,Engenie Group,No,No,Italy,Technology,53.63,2025040.0,558480.0,9,1,2017
599,600,Groupe N.A.T,Yes,No,France,Support Services,53.46,4180122.0,1156596.0,64,25,2016
600,601,La Sarraz Pictures,No,No,Italy,Media,53.39,1513710.0,419430.0,5,2,2015
601,602,Smart-Planet,No,No,Germany,Retail,53.29,4598207.0,1276483.0,9,5,2016
602,603,Sidea Group,Yes,No,Italy,Management Consulting,53.29,2429590.0,674560.0,49,8,2015
603,604,COUTEAUJAPONAIS.COM,No,No,France,Retail,53.24,4579102.0,1272558.0,17,5,2004
604,605,PHYSIDIA,Yes,No,France,Health,53.21,16746545.0,4656191.0,58,20,2010
605,606,Horando Deutschland,No,Yes,Germany,Retail,53.17,8111269.0,2257390.0,3,2,2013
606,607,"Diablochairs, Jan Nowak",Yes,Yes,Poland,Ecommerce,53.14,21520495.0,6549376.0,79,22,2004
607,608,Parkster,Yes,Yes,Sweden,Technology,53.11,55139984.0,15711602.0,28,16,2011
608,609,BIOTYFULL,Yes,No,France,Ecommerce,53.1,20248436.0,5642145.0,13,5,2015
609,610,Bioksan,Yes,No,Spain,Food & Beverage,53.02,5914732.0,1650756.0,51,14,2014
610,611,Trippel,No,No,Norway,Support Services,52.98,3057807.0,910070.0,118,37,1999
611,612,Yourparkingspace Limited,Yes,Yes,UK,Technology,52.92,13863431.0,3904618.0,32,15,2013
612,613,Carslift,No,No,France,Automobiles,52.89,2226659.0,622989.0,35,1,2012
613,614,Zimmerei Nordmann,No,No,Germany,Construction,52.89,2074577.0,580537.0,11,5,2009
614,615,SI Silicone Innovation,Yes,No,Germany,Industrial Goods,52.88,3640511.0,1018843.0,40,20,2015
615,616,A.U.E. Genc Warenhandels-UG,Yes,Yes,Germany,Retail,52.82,19890000.0,5573000.0,12,8,2010
616,617,MGvision,No,No,Italy,Advertising,52.66,4010560.0,1127170.0,18,10,2010
617,618,New General Service,Yes,No,Italy,Support Services,52.56,1539360.0,433540.0,26,13,2015
618,619,ANDRE RENOVATION,No,No,France,Construction,52.54,11594389.0,3266703.0,41,15,2010
619,620,M.D.G. Components Unipersonale,No,No,Italy,Industrial Goods,52.46,2283970.0,644440.0,14,10,2017
620,621,Amco-Bulgaria,Yes,No,Bulgaria,Retail,52.43,6298606.0,1778274.0,22,5,2011
621,622,Symprove,Yes,No,UK,Personal & Household Goods,52.42,12298843.0,3498275.0,39,16,2005
622,623,Tecknuovo,No,No,UK,Technology,52.39,26273556.0,7477852.0,22,10,2015
623,624,Platform.sh,No,No,France,Technology,52.36,22077678.0,6242232.0,217,62,2010
624,625,ISG Express Logistik,Yes,No,Germany,Transport,52.36,5822692.0,1646307.0,46,5,2011
625,626,Manelli Impresa,Yes,No,Italy,Construction,52.36,43355980.0,12259540.0,173,55,2008
626,627,SA Formação,Yes,Yes,Portugal,Education,52.34,3647652.0,1031733.0,53,22,2009
627,628,SM SektManufaktur,No,No,Germany,Industrial Goods,52.31,2408586.0,681652.0,14,3,2015
628,629,Beauty Consult Deutschland,No,No,Germany,Health,52.28,3725665.0,1055100.0,31,8,2011
629,630,Finauto,No,No,Italy,Automobiles,52.1,11789870.0,3350270.0,8,5,1977
630,631,AuCOFFRE.com,No,No,France,Financial Services,52.07,114037838.0,32428296.0,21,18,2009
631,632,Divido,Yes,No,UK,Fintech,52.06,3786036.0,1084616.0,46,37,2014
632,633,R&K Ingenieure,No,No,Germany,Construction,52.05,5210500.0,1482100.0,17,6,2016
633,634,Nephos Technologies,Yes,No,UK,Technology,52.04,17559447.0,5031697.0,25,11,2011
634,635,La Vida,Yes,Yes,UK,Support Services,51.84,7572128.0,2178629.0,15,8,2002
635,636,Midstream Lighting,No,Yes,UK,Technology,51.78,8204844.0,2363526.0,12,4,2012
636,637,PROPULSE IT,Yes,Yes,France,Technology,51.77,6326861.0,1809858.0,2,2,2014
637,638,Additius Santa Maria,No,No,Spain,Agricultural Commodities,51.68,31757362.0,9100083.0,30,25,2012
638,639,CONEXIO TELECOM,No,No,France,Telecoms,51.67,1908640.0,547084.0,15,3,2017
639,640,Tripin,No,No,Germany,Retail,51.6,5465080.0,1568506.0,9,5,2012
640,641,Continental Wood Kft.,No,Yes,Hungary,Industrial Goods,51.43,2724073.0,910973.0,9,4,1996
641,642,GeoTeam,No,No,Italy,Energy,51.42,7623730.0,2195780.0,120,71,2008
642,643,Leascorp,No,No,France,Financial Services,51.4,18481247.0,5325214.0,7,4,2014
643,644,Positive Healthcare,No,No,UK,Management Consulting,51.38,6731831.0,1954609.0,19,3,2014
644,645,Ralph Schmolke,No,No,Germany,Retail,51.34,2281929.0,658317.0,8,4,2010
645,646,Roomie Milano,No,No,Italy,Property,51.17,3728920.0,1079340.0,10,2,2016
646,647,Trencadis Corp,Yes,No,Romania,Technology,51.17,20410511.0,6137755.0,89,40,2007
647,648,WORTEKS,No,No,France,Technology,51.17,1870845.0,541582.0,11,4,2016
648,649,REMOVE,Yes,No,France,Construction,51.05,8988475.0,2608093.0,74,27,2015
649,650,Citadelo,No,No,Czech Republic,Cyber Security,50.95,1556521.0,452557.0,27,15,2006
650,651,Grill Autoservice,No,No,Germany,Automobiles,50.86,18141216.0,5283415.0,26,13,2017
651,652,Inbrooll,No,No,Spain,Industrial Goods,50.82,2663110.0,776268.0,15,8,2013
652,653,Cross,Yes,No,Germany,Retail,50.75,88590000.0,25858983.0,4,3,2010
653,654,B1gas S.p.A,Yes,No,Italy,Energy,50.75,41474660.0,12106480.0,6,2,2010
654,655,Filva,No,No,Italy,Construction,50.69,6188900.0,1808710.0,10,8,2009
655,656,Archingest,Yes,No,Italy,Construction,50.56,3515000.0,1030000.0,6,2,2005
656,657,Alpha FX Group,No,Yes,UK,Financial Services,50.55,51640733.0,15241075.0,124,51,2009
657,658,lemonads,Yes,No,Switzerland,Advertising,50.53,4952255.0,1451770.0,50,7,2012
658,659,Signicat,Yes,No,Norway,Technology,50.43,42514150.0,13309441.0,213,71,2007
659,660,Alfred Döpker,No,No,Germany,Construction,50.42,77358225.0,22730529.0,55,41,1965
660,661,Bavaria-Ei,No,No,Germany,Retail,50.38,13067279.0,3842670.0,88,42,2001
661,662,Oxylabs.io,No,No,Lithuania,Technology,50.26,25040954.0,7381686.0,245,57,2015
662,663,A.S.H. Automobile,Yes,No,Germany,Automobiles,50.25,2333452.0,687958.0,5,2,2014
663,664,Vascular,No,No,Hungary,Health,50.13,29099679.0,9987236.0,57,18,2007
664,665,ANDJARO,No,No,France,Support Services,50.07,3189298.0,943718.0,57,30,2015
665,666,Röhrtaler Wertstoff,No,No,Germany,Waste management & recycling,50.01,3286187.0,973460.0,34,22,2013
666,667,Autel Karnetic,No,No,UK,Technology,49.99,8520830.0,2543343.0,7,6,2016
667,668,Discoup.com,No,No,Italy,Advertising,49.86,2075110.0,616520.0,10,8,2013
668,669,Hellas Direct,Yes,No,Cyprus,Insurance,49.86,34488971.0,10247832.0,85,52,2011
669,670,HERRLES,Yes,No,Germany,Automobiles,49.85,10242075.0,3044054.0,45,30,2009
670,671,Investmentpunk Academy,No,No,Austria,Education,49.73,3179000.0,947000.0,12,6,2016
671,672,Born Stahlbau,No,Yes,Germany,Industrial Goods,49.64,4527093.0,1351164.0,13,6,2015
672,673,RETTEL Projektbau,Yes,No,Germany,Construction,49.62,8073458.0,2410212.0,7,5,2016
673,674,Suntronic,No,No,Italy,Energy,49.61,2347320.0,700960.0,4,2,2005
674,675,TMT,Yes,Yes,Italy,Industrial Goods,49.6,12763524.0,3811838.0,42,6,2014
675,676,Gedankenburg,No,No,Germany,Advertising,49.59,2950010.0,881275.0,5,2,2015
676,677,SVOP Special Vehicle Operation,No,No,Sweden,Automobiles,49.49,4526309.0,1385662.0,16,6,2013
677,678,Glenholme Healthcare Group,No,No,UK,Health,49.48,14845073.0,4476517.0,415,132,2011
678,679,AUDENSIEL,Yes,Yes,France,Technology,49.47,57451279.0,17203160.0,720,230,2013
679,680,Ivnosys,No,No,Spain,Technology,49.47,8743069.0,2618069.0,106,34,2011
680,681,Mulconsa,No,No,Spain,Construction,49.46,6687402.0,2002982.0,45,30,2012
681,682,50NRTH,No,No,Germany,Retail,49.44,35107348.0,10518963.0,54,14,2004
682,683,Delecto,No,No,Croatia,Retail,49.43,2649288.0,793957.0,10,6,2008
683,684,Mardruk Opakowania,No,No,Poland,Industrial Goods,49.38,3226645.0,1058063.0,47,7,2015
684,685,MANANG,No,No,France,Construction,49.36,6205559.0,1862272.0,40,15,2012
685,686,bestbion dx,No,No,Germany,Health,49.36,14863628.0,4461170.0,27,21,2011
686,687,Avamore Capital,No,No,UK,Financial Services,49.27,2552248.0,772943.0,21,7,2015
687,688,Solaris and more,No,No,Germany,Energy,49.14,4692660.0,1414501.0,30,13,2011
688,689,Clearcycle,No,No,UK,Retail,49.14,2176368.0,660767.0,11,8,2015
689,690,Opteamis,Yes,Yes,France,Support Services,49.1,13856500.0,4180523.0,35,12,2005
690,691,Codenor,No,No,Spain,Construction,49.08,6385196.0,1926967.0,20,10,2010
691,692,HAPPYBULLE,Yes,No,France,Ecommerce,49.05,4209975.0,1271353.0,18,8,2015
692,693,Aurora Energy Research,No,No,UK,Energy,49.04,15079425.0,4587687.0,158,46,2013
693,694,Bacci,No,No,Spain,Fashion,49.03,24048302.0,7265350.0,14,19,2003
694,695,Emilia Foods,Yes,Yes,Italy,Food & Beverage,48.99,26824140.0,8110160.0,25,8,2013
695,696,T.E.A.M. - Ti educa a migliorare,No,No,Italy,Health,48.91,3370490.0,1020690.0,211,82,2001
696,697,Brainhub,Yes,No,Poland,Technology,48.9,3513741.0,1163241.0,75,30,2016
697,698,Assitech,Yes,No,Italy,Construction,48.89,2675750.0,810750.0,9,10,2016
698,699,Schott Packaging,No,No,UK,Ecommerce,48.82,2272847.0,694501.0,11,4,2016
699,700,Alba,Yes,No,Italy,Energy,48.78,3299330.0,1001740.0,30,12,2010
700,701,FinTrU,Yes,No,UK,Financial Services,48.73,32392546.0,9915609.0,740,219,2013
701,702,Global Edilizia,No,No,Italy,Construction,48.66,4028000.0,1226000.0,5,4,2011
702,703,TPXimpact,No,No,UK,Management Consulting,48.62,57093437.0,17515305.0,381,2,2016
703,704,LGS SportLab,No,No,Italy,Advertising,48.62,4014220.0,1222870.0,9,6,2010
704,705,Weiser Brandschutz & Technik,Yes,No,Germany,Construction,48.56,5986199.0,1825769.0,45,4,2005
705,706,Fairfax and Favor,No,No,UK,Fashion,48.4,18178322.0,5602279.0,47,13,2013
706,707,FAO Consulting,No,No,France,Technology,48.34,7781600.0,2384156.0,85,39,2014
707,708,Gruppo Del Barba Consulting,Yes,Yes,Italy,Financial Services,48.33,5855040.0,1794120.0,37,8,2010
708,709,Exclaimer,Yes,Yes,UK,Technology,48.28,26143857.0,8075796.0,109,62,2003
709,710,Join Business Management Consulting,Yes,No,Italy,Management Consulting,48.23,10189790.0,3128700.0,77,25,2013
710,711,Vennes,No,No,Germany,Construction,48.14,17048000.0,5244000.0,57,27,2003
711,712,Piggy,No,No,The Netherlands,Technology,48.13,2946126.0,906341.0,31,7,2013
712,713,Epassi,No,No,Finland,Fintech,48.1,205312456.0,63207258.0,130,40,2007
713,714,Atheneum Partners,Yes,Yes,Germany,Technology,48.01,33400000.0,10300000.0,315,150,2010
714,715,Pharmacy2U,Yes,No,UK,Technology,47.96,156232906.0,48580102.0,454,211,1999
715,716,PHOENIX DEVELOPPEMENT,No,No,France,Support Services,47.85,1797294.0,556159.0,18,6,2011
716,717,Wiwie Transport,No,No,Germany,Transport,47.83,4200000.0,1300000.0,25,10,2016
717,718,Mevas Auto Center,No,No,Romania,Automobiles,47.81,2595034.0,834708.0,31,23,2003
718,719,BK Beachhouse Mode,Yes,No,Germany,Retail,47.79,5172479.0,1602458.0,35,21,2015
719,720,F.lli Urso,No,No,Italy,Construction,47.76,2009090.0,622800.0,9,3,2015
720,721,GoHenry,Yes,Yes,UK,Financial Services,47.7,22020382.0,6882489.0,166,61,2011
721,722,Adrilog,Yes,No,Italy,Transport,47.64,57057180.0,17727950.0,816,634,2014
722,723,Attachment,Yes,Yes,UK,Advertising,47.63,7191249.0,2250946.0,6,2,2015
723,724,PARIS HERBES,Yes,No,France,Agricultural Commodities,47.63,12934943.0,4020469.0,25,15,2015
724,725,Interlog Logistic,No,No,France,Transport,47.62,5480946.0,1703819.0,28,37,2015
725,726,Conglomerati Bituminosi,Yes,No,Italy,Construction,47.53,33371870.0,10393680.0,75,34,1975
726,727,Nikkel Art,No,No,Belgium,Ecommerce,47.49,3762160.0,1172617.0,26,5,2010
727,728,Esyen,No,No,Italy,Technology,47.45,3868940.0,1206770.0,25,9,2011
728,729,Sav-eco Packaging Ltd,No,No,UK,Industrial Goods,47.4,16923940.0,5322238.0,165,104,2014
729,730,Elmar Mair Tiefbau,No,No,Germany,Construction,47.36,2302685.0,719638.0,19,8,2016
730,731,ATLAS Innovative Engineering,No,No,Spain,Energy,47.26,3495981.0,1094666.0,15,12,2014
731,732,SECURE-IC,No,No,France,Technology,47.26,6934182.0,2171492.0,76,48,2010
732,733,DATALYO,No,No,France,Technology,47.18,3544255.0,1111687.0,36,16,2014
733,734,Signify Technology,No,No,UK,Management Consulting,47.17,2547992.0,805029.0,29,14,2016
734,735,BOXT,No,No,UK,Ecommerce,47.16,38373430.0,12127395.0,59,20,2017
735,736,James and James Fulfilment,No,No,UK,Ecommerce,47.16,30887883.0,9762332.0,158,55,2010
736,737,Armonie,No,No,Italy,Food & Beverage,47.16,2803150.0,879670.0,9,5,2014
737,738,Maverick Group,No,No,Italy,Technology,46.94,5313290.0,1674690.0,5,1,2017
738,739,Brainpull,No,No,Italy,Advertising,46.93,4264120.0,1344240.0,29,10,2012
739,740,Wiseband,No,No,France,Media,46.91,1636674.0,516164.0,15,4,2014
740,741,Groupe Ezdo La Boulangerie Des Gourmets,Yes,No,France,Agricultural Commodities,46.89,40777823.0,12867410.0,15,4,2013
741,742,Pakar Service,Yes,No,Poland,Support Services,46.77,9729642.0,3363800.0,396,257,2010
742,743,BIO-UV,No,No,France,Industrial Goods,46.75,32175000.0,10181000.0,117,62,2000
743,744,F.G. Service,No,No,Italy,Construction,46.67,2554140.0,809450.0,14,2,2015
744,745,Allways Logistics System,Yes,No,Italy,Transport,46.66,9569120.0,3033150.0,125,2,2012
745,746,Matsmart,Yes,Yes,Sweden,Ecommerce,46.65,49576899.0,16075963.0,164,75,2013
746,747,autargo,No,No,Germany,Construction,46.64,1807173.0,573070.0,5,2,2016
747,748,Brewshop.no,Yes,No,Norway,Food & Beverage,46.63,4392988.0,1484883.0,9,7,2015
748,749,Visualitics,No,No,Italy,Technology,46.63,2131000.0,676000.0,15,3,2016
749,750,HiFi extra,No,No,Germany,Retail,46.61,49190436.0,15610826.0,32,14,2016
750,751,Ankerkraut,Yes,Yes,Germany,Food & Beverage,46.5,26010474.0,8271702.0,150,70,2013
751,752,GDA,No,No,Italy,Fashion,46.37,20745690.0,6615000.0,205,98,2008
752,753,Nexid,No,No,Italy,Technology,46.36,2696270.0,859960.0,25,9,2006
753,754,GS Studio & Service,No,No,Italy,Energy,46.32,2087000.0,666210.0,16,7,2013
754,755,Neosperience,No,No,Italy,Technology,46.28,16367000.0,5229000.0,160,60,2006
755,756,Lunos,No,No,Slovenia,Technology,46.26,6356404.0,2031522.0,16,11,2010
756,757,Meic Costruzioni,No,No,Italy,Construction,46.26,10456300.0,3342120.0,71,39,2013
757,758,Trident Lifting Solutions Ltd,No,No,UK,Construction,46.22,15846632.0,5105700.0,14,12,2016
758,759,Smart Battery Solutions,No,No,Germany,Technology,46.22,10203000.0,3264000.0,69,28,2010
759,760,eu-bay Commerce,No,No,Germany,Retail,46.16,8122686.0,2601485.0,20,10,2003
760,761,Jens Rabe Academy,No,No,Germany,Education,46.13,3655345.0,1171373.0,20,6,2009
761,762,Hyperoptic,Yes,No,UK,Telecoms,46.12,57766084.0,18649681.0,1251,407,2010
762,763,SEPALE,No,No,France,Energy,46.02,7879983.0,2531055.0,21,2,2009
763,764,3A Informatica,No,No,Italy,Telecoms,45.92,1970000.0,633990.0,33,19,2005
764,765,EMSPROTO,Yes,No,France,Ecommerce,45.91,3136947.0,1009846.0,22,10,2014
765,766,Laboratoires Dermosun,No,No,France,Chemicals & Pharmaceuticals,45.79,5626849.0,1815835.0,13,9,2011
766,767,Saico,No,No,Italy,Construction,45.71,6737600.0,2177950.0,23,13,2013
767,768,Nutis,Yes,No,Italy,Food & Beverage,45.66,6566530.0,2124990.0,19,9,1956
768,769,Ogrodosfera.pl,Yes,Yes,Poland,Ecommerce,45.61,13256472.0,4693330.0,23,12,2011
769,770,SVTI,Yes,No,France,Industrial Goods,45.58,3981300.0,1290312.0,30,17,2010
770,771,Enhancers,No,No,Italy,Technology,45.53,3352210.0,1087520.0,38,13,2011
771,772,AGRIPOWER FRANCE,No,No,France,Waste management & recycling,45.53,7701275.0,2498792.0,16,6,2012
772,773,Next Turbo Technologies,Yes,No,Italy,Industrial Goods,45.46,9481040.0,3080610.0,18,8,2014
773,774,Velvet Media Italia,Yes,Yes,Italy,Advertising,45.42,5411160.0,1759490.0,98,46,2013
774,775,Booster Box,Yes,No,Italy,Advertising,45.32,2049365.0,667837.0,35,9,2016
775,776,RMF Group,No,No,Slovakia,Food & Beverage,45.32,3289892.0,1072117.0,2,3,2014
776,777,Darwin Group Limited,No,No,UK,Construction,45.24,70393894.0,23141358.0,140,89,2005
777,778,ITFS,Yes,Yes,Poland,Technology,45.2,10446862.0,3730405.0,230,90,2012
778,779,SKILLSDAY,No,Yes,France,Education,45.13,3154795.0,1031988.0,25,9,2015
779,780,Gapps,Yes,No,Finland,Technology,45.1,8707000.0,2850000.0,34,23,2010
780,781,Maxfel,Yes,No,Italy,Interiors,45.09,2201160.0,720650.0,15,6,1984
781,782,Herrero Brigantina,Yes,Yes,Spain,Insurance,44.98,14725853.0,4832212.0,55,33,2012
782,783,Manitech,Yes,No,Italy,Industrial Goods,44.79,3834910.0,1263420.0,6,3,2016
783,784,Tradeco,No,No,Italy,Industrial Goods,44.68,5889890.0,1944720.0,16,6,2016
784,785,MON CHASSEUR IMMO,Yes,No,France,Property,44.6,4794423.0,1585727.0,28,13,2012
785,786,UpSlide,No,Yes,France,Support Services,44.58,8274214.0,2737704.0,75,20,2013
786,787,COGECLIM ENERGIES,Yes,No,France,Construction,44.54,2622506.0,868406.0,18,5,2015
787,788,Cellarius,No,No,Hungary,Sales & Marketing,44.49,2571079.0,989785.0,14,10,2004
788,789,careful-service,No,No,Germany,Health,44.44,3537769.0,1173908.0,141,75,2014
789,790,Softneta,No,No,Lithuania,Health,44.4,1778249.0,590642.0,30,24,2007
790,791,Progeny,No,No,UK,Financial Services,44.33,16601337.0,5561585.0,161,64,2016
791,792,Web Geo Services,No,No,France,Technology,44.32,24114000.0,8022358.0,57,29,2009
792,793,Spedition Ibov,No,No,Germany,Transport,44.29,3424863.0,1140000.0,30,10,2013
793,794,MyPostcard.com,Yes,Yes,Germany,Retail,44.23,6358307.0,2119022.0,25,21,2014
794,795,VARIOSAN,No,No,Germany,Retail,44.19,3233968.0,1078808.0,3,2,2013
795,796,Riedle + Bertsch,No,No,Germany,Technology,44.18,2331579.0,777849.0,36,8,2013
796,797,Mobili Fiver,No,No,Italy,Interiors,44.13,11897820.0,3973460.0,50,23,1999
797,798,KLC DESAMIANTAGE,No,No,France,Construction,44.12,6182419.0,2065220.0,46,11,2015
798,799,SECRET ARTS OF SPIRITS,Yes,Yes,France,Retail,44.1,3308224.0,1105569.0,6,3,2014
799,800,MPB Group Limited,Yes,No,UK,Ecommerce,44.05,72503245.0,24429686.0,184,68,2011
800,801,3zehn Auto Discount,Yes,No,Germany,Automobiles,43.97,25448057.0,8527777.0,12,5,2016
801,802,ADIKTEEV,No,No,France,Technology,43.95,45616000.0,15292051.0,67,50,2012
802,803,Fundis Reitsport,No,No,Germany,Retail,43.92,7066208.0,2370645.0,50,3,2009
803,804,Antriebstechnik Ebner-Seibold,No,No,Germany,Retail,43.91,2245423.0,753352.0,17,9,2009
804,805,Invibes Advertising,No,Yes,Belgium,Technology,43.76,11530000.0,3880663.0,102,30,2011
805,806,Jointly il welfare condiviso,No,No,Italy,Support Services,43.72,2400550.0,808700.0,34,18,2014
806,807,ABTOT Mark & Anläggning AB,Yes,No,Sweden,Construction,43.57,9983094.0,3450305.0,23,10,2012
807,808,DUSAPRO Immobilien,Yes,Yes,Germany,Property,43.45,33903865.0,11484801.0,36,10,2012
808,809,SOLDATS FILMS,No,No,France,Media,43.39,2320653.0,787160.0,8,4,2012
809,810,Eagleprojects,No,No,Italy,Telecoms,43.37,15140480.0,5137900.0,287,120,2016
810,811,Agile Lab,Yes,No,Italy,Technology,43.35,5590450.0,1897650.0,43,15,2013
811,812,importpris.no,No,No,Norway,Ecommerce,43.32,3113197.0,1126971.0,8,4,2012
812,813,truu,Yes,Yes,Germany,Industrial Goods,43.22,12472561.0,4245861.0,72,18,2011
813,814,L’Atelier,No,No,France,Technology,43.17,4288024.0,1461226.0,15,5,2016
814,815,frigoclim Kälte-Klima,Yes,No,Germany,Construction,43.16,3890690.0,1326082.0,22,7,2014
815,816,M Coffee Company,No,No,Germany,Retail,43.09,2117442.0,722795.0,5,3,2013
816,817,PROTEXTYL,No,No,France,Retail,43.07,5324116.0,1818032.0,22,12,2011
817,818,SP architecte,No,No,France,Construction,43.07,2825876.0,964998.0,18,14,2009
818,819,Embargos a lo bestia,No,No,Spain,Retail,43.03,22559217.0,7709375.0,178,54,2011
819,820,Snigel,Yes,No,Ireland,Technology,43.02,20479764.0,7000063.0,3,2,2011
820,821,IMS Rettungsdienst,No,No,Germany,Health,42.98,1900000.0,650000.0,120,5,2006
821,822,Way2Global SB,No,No,Italy,Support Services,42.76,2411600.0,828820.0,16,1,2017
822,823,Media Access Solutions,No,No,UK,Support Services,42.68,3407930.0,1181642.0,33,3,2014
823,824,Exadi,No,No,Spain,Sales and Marketing,42.65,42525086.0,14649568.0,44,21,2008
824,825,Fiber-Service-Gesellschaft,No,No,Germany,Telecoms,42.63,4049655.0,1395607.0,29,10,2014
825,826,TenderHut (Group),Yes,Yes,Poland,Technology,42.61,10264611.0,3868483.0,280,140,2010
826,827,Worldwide Fishing Company,Yes,No,Spain,Food & Beverage,42.58,140442673.0,48449141.0,30,12,2016
827,828,Doctor Hail spa,Yes,No,Italy,Automobiles,42.57,18101114.0,6246592.0,43,26,2013
828,829,KBS Group,Yes,Yes,Germany,Support Services,42.55,42006000.0,14500000.0,1500,650,2011
829,830,Terre Ehitus,No,No,Estonia,Construction,42.43,2089215.0,723064.0,12,5,2017
830,831,Bauer Energiekonzepte,Yes,Yes,Germany,Energy,42.36,36223730.0,12554325.0,19,7,2013
831,832,New Euroart,No,No,Italy,Construction,42.36,9307640.0,3226280.0,77,26,2001
832,833,Capelli For You,No,No,Italy,Beauty,42.34,1658750.0,575120.0,16,8,2015
833,834,Ogury,Yes,Yes,UK,Advertising,42.33,108758853.0,37992902.0,371,133,2014
834,835,TFT Ernst,No,No,Germany,Construction,42.31,2012427.0,698300.0,17,7,2017
835,836,Somerford Associates,No,No,UK,Technology,42.24,18757685.0,6564162.0,55,31,2001
836,837,ARCADIA Investment,Yes,Yes,Germany,Property,42.19,8102218.0,2818652.0,38,12,2012
837,838,FiloBlu,Yes,Yes,Italy,Management Consulting,42.13,55564420.0,19351090.0,186,112,2009
838,839,Tribus Digital,No,No,UK,Technology,42.09,1952800.0,685567.0,21,8,2016
839,840,DoIT,Yes,No,Italy,Technology,42.08,3040000.0,1060000.0,35,20,2014
840,841,Global Perspectives,Yes,No,UK,Health,42.06,6631496.0,2329522.0,23,8,2009
841,842,Pirene,No,No,Italy,Support Services,42.04,1512680.0,527910.0,25,8,1999
842,843,iPulse,Yes,No,UK,Personal & Household Goods,41.99,105149602.0,36995102.0,183,39,2012
843,844,blue networks,No,No,Germany,Technology,41.84,6626713.0,2322241.0,47,23,2002
844,845,N. Schwegler,No,Yes,Germany,Construction,41.82,10514000.0,3686000.0,35,20,2009
845,846,Marcus Lutz Bau,No,No,Germany,Construction,41.66,1874438.0,659402.0,15,7,2002
846,847,HKR-Technik,No,No,Germany,Retail,41.64,6996880.0,2462478.0,4,3,2008
847,848,Licht + Strom,Yes,No,Germany,Technology,41.54,4039340.0,1424633.0,30,18,2007
848,849,Die Autowelt,Yes,No,Germany,Automobiles,41.49,16754654.0,5915499.0,40,15,2009
849,850,ARTHEAU AVIATION,No,No,France,Aerospace & Defence,41.48,11263318.0,3977562.0,9,4,2012
850,851,Cepo,No,No,Italy,Industrial Goods,41.42,4503670.0,1592170.0,22,13,2000
851,852,Sneakers & Jackets,Yes,Yes,France,Financial Services,41.35,2888273.0,1022714.0,2,1,2013
852,853,89up,No,No,UK,Advertising,41.35,1814237.0,647020.0,26,11,2009
853,854,LUXURY & PERFORMANCE SELECTION,No,No,France,Automobiles,41.35,6444045.0,2281929.0,4,10,2016
854,855,Grayce Group,No,No,UK,Management Consulting,41.34,17890928.0,6381674.0,395,117,2012
855,856,Nemesi Italia,No,No,Italy,Technology,41.28,1640000.0,581520.0,4,1,1993
856,857,Halo Service Solutions,No,No,UK,Technology,41.28,5037087.0,1799189.0,40,12,1994
857,858,Raspberry Pi,No,No,UK,Technology,41.16,80066074.0,28668484.0,73,36,2012
858,859,Giopato & Coombes,Yes,No,Italy,Interiors,41.16,5467910.0,1944000.0,17,8,2010
859,860,Ship it,No,No,Germany,Retail,41.1,3391041.0,1207009.0,8,4,2016
860,861,Rheinische Scheidestätte,No,No,Germany,Retail,41.1,83044963.0,29564866.0,47,19,2012
861,862,Whites Agency,No,No,Poland,Advertising,41.09,4076348.0,1586246.0,90,34,2011
862,863,Casa di Riposo Medicalizzata Sempione*,No,No,Italy,Health,41.06,2436000.0,867960.0,38,1,2017
863,864,CShark,Yes,Yes,Poland,Technology,41.04,11828515.0,4608343.0,269,135,2014
864,865,Zinox Laser,Yes,No,Italy,Interiors,41.02,6364000.0,2269510.0,47,30,2015
865,866,Tera Automation,No,No,Italy,Industrial Goods,41.01,4987860.0,1778890.0,20,14,2013
866,867,Innova Hts,No,No,Italy,Health,40.98,8792400.0,3137630.0,16,12,2014
867,868,Kentigen,No,No,Czech Republic,Technology,40.91,1507867.0,554004.0,20,8,2013
868,869,Teal Partners,No,No,Belgium,Technology,40.84,3873750.0,1386701.0,23,13,2015
869,870,LM Medical Division,No,No,Italy,Health,40.82,11281040.0,4040060.0,47,16,2010
870,871,BEC,No,No,Germany,Technology,40.81,7843183.0,2809036.0,47,25,2003
871,872,Xylon,No,No,Croatia,Technology,40.77,4491888.0,1610149.0,81,41,1995
872,873,Spedition Kai Rindert,No,No,Germany,Transport,40.7,3018684.0,1083821.0,9,2,2017
873,874,CO.GE.SA. Costruzioni Generali Saba,No,No,Italy,Construction,40.63,3453730.0,1241760.0,22,16,2009
874,875,Skärgårdstunnan/Skargards,No,No,Sweden,Ecommerce,40.62,15082088.0,5547537.0,20,13,2010
875,876,Autonova Milano,No,No,Italy,Automobiles,40.5,2790680.0,1006280.0,14,1,2015
876,877,Polarstern,No,No,Germany,Energy,40.45,30270074.0,10925375.0,40,25,2011
877,878,halsdorfer + ingenieure projekt,No,Yes,Germany,Property,40.43,31038460.0,11207566.0,15,5,2013
878,879,OPNA,Yes,No,France,Support Services,40.36,2317903.0,838200.0,23,9,2015
879,880,Stikets,Yes,Yes,Spain,Ecommerce,40.32,9318626.0,3372820.0,39,25,2010
880,881,CampuStore,No,No,Italy,Education,40.23,34410600.0,12479120.0,18,18,1994
881,882,Ars Futura,No,No,Croatia,Technology,40.22,1580154.0,574487.0,27,14,2013
882,883,Cemir Security,Yes,No,Italy,Support Services,40.21,2835330.0,1028730.0,116,64,2015
883,884,Borgy CZ,No,No,Czech Republic,Personal & Household Goods,40.2,22419033.0,8362568.0,60,40,2009
884,885,Groupe Zephyr,No,No,France,Health,40.15,16264645.0,5908517.0,600,190,2007
885,886,Dernier Cri,No,No,France,Technology,40.11,3956061.0,1438184.0,57,25,2015
886,887,yes!devs,No,No,Germany,Technology,40.1,2200000.0,800000.0,37,10,2016
887,888,Hydroflex Group,No,Yes,Germany,Retail,40.1,13166000.0,4788000.0,36,19,2009
888,889,Proteko Service,No,No,Italy,Support Services,40.04,5502450.0,2003540.0,31,7,2016
889,890,MiniCRM,No,No,Hungary,Technology,40.03,2232347.0,944107.0,26,26,2012
890,891,CNQ Consorzio Nazionale Qualità,No,No,Italy,Waste management & recycling,40.03,2151050.0,783460.0,39,13,2001
891,892,Accolade,No,Yes,Czech Republic,Property,39.98,83981636.0,31477723.0,30,10,2010
892,893,Panel Sandwich,No,No,Spain,Construction,39.93,9637845.0,3517519.0,27,9,2009
893,894,SYMBIOSE Informatique,No,No,France,Technology,39.93,33080096.0,12074454.0,32,28,1991
894,895,G.Engineering,Yes,No,Italy,Industrial Goods,39.92,16504780.0,6024830.0,51,24,2012
895,896,I-PARTICULIERS,No,No,France,Property,39.84,4071600.0,1488875.0,200,50,2011
896,897,Henco,No,No,Germany,Retail,39.82,6970679.0,2550263.0,48,25,2012
897,898,Giglio.com,No,Yes,Italy,Ecommerce,39.78,25355630.0,9283620.0,53,25,2007
898,899,Alphaspel,No,No,Sweden,Retail,39.76,4535769.0,1699234.0,16,5,2013
899,900,Sapiegos Klinika,No,No,Lithuania,Health,39.67,1578677.0,579436.0,24,14,2014
900,901,OpenCorporates,No,No,UK,Technology,39.62,2730677.0,1010498.0,25,9,2010
901,902,BE CLOUD,No,Yes,France,Support Services,39.61,10371094.0,3811605.0,49,22,2012
902,903,Drukarnia piga.pl,Yes,Yes,Poland,Ecommerce,39.59,4064038.0,1632988.0,130,60,2014
903,904,groupe mister menuiserie,No,No,France,Ecommerce,39.59,68009314.0,25003047.0,227,84,2010
904,905,Insetto,No,No,Germany,Retail,39.57,6010130.0,2210651.0,79,51,1999
905,906,Technophage,No,No,Portugal,Pharmaceuticals,39.54,2237180.0,823381.0,13,9,2005
906,907,skalis portage salarial,No,Yes,France,Support Services,39.44,6202068.0,2287420.0,68,25,2008
907,908,peoplegrapher,Yes,No,Germany,Advertising,39.4,3561298.0,1314806.0,11,5,2016
908,909,Reveg Fruit,Yes,No,Italy,Food & Beverage,39.39,2356570.0,870070.0,4,2,2016
909,910,Sciant,Yes,No,Bulgaria,Technology,39.39,3192139.0,1178653.0,79,39,2016
910,911,Boender & Beutel,No,No,Germany,Industrial Goods,39.36,14550131.0,5376347.0,130,50,2012
911,912,EKINOPS,No,No,France,Telecoms,39.36,92800000.0,34291000.0,456,419,2003
912,913,Sano-Técnica,No,No,Portugal,Health,39.34,4972658.0,1838120.0,13,12,1938
913,914,möbelando,No,Yes,Germany,Retail,39.34,16692390.0,6170577.0,24,16,2013
914,915,Democom,Yes,Yes,Italy,Telecoms,39.31,3347950.0,1238210.0,37,12,2011
915,916,Erbagil,No,No,Italy,Pharmaceuticals,39.22,4021010.0,1490280.0,11,3,2009
916,917,Axopar Boats,Yes,Yes,Finland,Travel & Leisure,39.13,78765693.0,29247774.0,32,9,2014
917,918,Advanced Composites Solutions,No,No,Italy,Automobiles,39.05,5393690.0,2006100.0,54,11,2012
918,919,Spartivento Yachts & Charter,No,No,Italy,Travel & Leisure,39.04,5194630.0,1932580.0,34,12,2000
919,920,Seargin,Yes,Yes,Poland,Technology,39.02,18624755.0,7576080.0,64,39,2014
920,921,TTP HOLDING,No,No,Germany,Support Services,39.02,37607000.0,13997000.0,32,28,2009
921,922,Sweef furniture,No,No,Sweden,Retail,39.0,9506903.0,3620585.0,14,5,2011
922,923,SONIC Tanácsadó és Szolgáltató Kft,No,No,Hungary,Technology,38.99,4646080.0,2009719.0,10,5,2008
923,924,spotit,No,No,Belgium,Cyber Security,38.91,20387729.0,7606472.0,71,30,2014
924,925,LABEL EXPERIENCE,Yes,No,France,Financial Services,38.91,1756470.0,655366.0,27,11,2016
925,926,LMM Logistics,Yes,No,Italy,Transport,38.88,14113040.0,5268390.0,724,2,2015
926,927,Medicalfit,No,No,Spain,Health,38.86,2378517.0,888395.0,35,15,2008
927,928,Nuova MG,No,No,Italy,Industrial Goods,38.83,2126840.0,794770.0,26,23,2017
928,929,innov and co handicap,No,No,France,Technology,38.83,1879824.0,702609.0,30,7,2016
929,930,Alma Entreprise,No,No,France,Construction,38.82,13438347.0,5023015.0,31,33,2003
930,931,Radit,No,No,Italy,Support Services,38.78,1879520.0,703190.0,15,8,2016
931,932,REGIONAL EXPRESS,No,Yes,France,Transport,38.74,22841800.0,8552857.0,220,80,2013
932,933,Aravati,Yes,No,France,Support Services,38.69,6671500.0,2500644.0,59,26,2004
933,934,Pöhner Hamburg,No,No,Germany,Retail,38.67,15603000.0,5851000.0,7,4,2013
934,935,Schreinerei Huber,No,No,Germany,Construction,38.65,2629044.0,986286.0,21,18,2010
935,936,ISR,No,No,France,Technology,38.62,4637943.0,1741112.0,12,12,1996
936,937,Kinga Mathe,Yes,No,Germany,Retail,38.59,1800494.0,676431.0,5,2,2008
937,938,Rivile,No,No,Lithuania,Technology,38.58,3905042.0,1467195.0,24,20,1992
938,939,MaGarantie5ans,Yes,No,France,Retail,38.57,9253546.0,3477788.0,20,8,2016
939,940,BEBEBOUTIK,No,No,France,Retail,38.51,29080296.0,10944325.0,98,36,2012
940,941,Radar Cyber Security,No,Yes,Austria,Technology,38.46,12727043.0,4794822.0,122,88,2011
941,942,CLAIR GROUP,Yes,Yes,France,Aerospace & Defence,38.44,38960985.0,14683064.0,121,49,2004
942,943,Appsfactory,Yes,No,Germany,Technology,38.43,18044631.0,6801966.0,221,105,2009
943,944,Stiltz Homelifts,No,Yes,UK,Interiors,38.37,36960953.0,14051407.0,250,142,2010
944,945,Star Stone,Yes,No,Romania,Construction,38.35,4409476.0,1729707.0,105,48,2012
945,946,Coptrz,No,No,UK,Aerospace & Defence,38.34,6297471.0,2395445.0,22,10,2016
946,947,Nurole,No,Yes,UK,Technology,38.34,3249493.0,1236098.0,35,15,2014
947,948,ABAO Energy,Yes,No,Germany,Construction,38.28,2406917.0,910386.0,15,10,2016
948,949,Welol Next,No,No,Italy,Technology,38.2,2685440.0,1017320.0,32,16,2011
949,950,Intent HQ,No,No,UK,Technology,38.2,5762891.0,2199126.0,75,22,2010
950,951,Café du Cycliste,No,Yes,France,Ecommerce,38.11,7445865.0,2826571.0,20,14,2009
951,952,LANGER Lüftungs- und Klimaanlagen,No,No,Germany,Construction,38.11,4609256.0,1749794.0,8,5,2016
952,953,Formind,Yes,Yes,France,Cyber Security,38.08,16845354.0,6398583.0,130,60,2010
953,954,Oasis Smart SIM Europe**,No,No,France,Telecoms,37.97,3065165.0,1167000.0,20,4,2010
954,955,Aferetica,Yes,No,Italy,Health,37.95,6376910.0,2429230.0,13,9,2013
955,956,Zero,No,No,Italy,Energy,37.95,42000000.0,16000000.0,37,15,2014
956,957,SKILLS,Yes,Yes,France,Support Services,37.89,11650138.0,4443710.0,70,20,2011
957,958,3E Studio,No,No,Italy,Support Services,37.83,2804580.0,1071090.0,22,1,2015
958,959,Pannonia Steel,No,No,Slovakia,Construction,37.82,1768886.0,675645.0,5,1,2013
959,960,Kronos,No,No,Italy,Fashion,37.81,23579000.0,9009270.0,21,15,2009
960,961,LaSaponaria,No,No,Italy,Beauty,37.79,6304690.0,2409730.0,22,11,2007
961,962,Die Wuhlewanderer,Yes,No,Germany,Health,37.78,4970000.0,1900000.0,95,50,2013
962,963,IMINT Vidhance,No,No,Sweden,Technology,37.78,4851538.0,1897113.0,27,26,2007
963,964,Arte e Passione,Yes,No,Italy,Restaurants,37.76,1671730.0,639410.0,47,18,2016
964,965,PAUL MARIUS,No,No,France,Retail,37.75,24869602.0,9515000.0,87,29,2011
965,966,Scalefocus,No,No,Bulgaria,Technology,37.72,33137857.0,12686177.0,730,330,2012
966,967,Whiskyzone,No,Yes,Germany,Retail,37.7,10750866.0,4117340.0,16,7,2014
967,968,Targa Telematics,Yes,No,Italy,Technology,37.67,37386150.0,14327610.0,113,63,2002
968,969,SIAN Wholesale Ltd,No,Yes,UK,Transport,37.51,74719260.0,28939861.0,50,23,2003
969,970,Visage Technologies,Yes,No,Sweden,Technology,37.5,5677639.0,2233448.0,104,54,2002
970,971,Riotloc,No,No,Lithuania,Games industry,37.49,1551468.0,596906.0,1,1,2016
971,972,BullionVault,No,No,UK,Precious metals,37.47,16196046.0,6278456.0,34,31,2003
972,973,3A Antioxidants,No,No,Spain,Chemicals & Pharmaceuticals,37.42,7704000.0,2968892.0,23,9,2000
973,974,on Metall,No,No,Germany,Industrial Goods,37.4,2587718.0,997518.0,6,3,2016
974,975,Scribbr,Yes,Yes,The Netherlands,Education,37.39,8862818.0,3417536.0,39,22,2012
975,976,Selectra,Yes,No,France,Energy,37.3,62951353.0,24320734.0,1000,500,2007
976,977,Energetic,No,No,Italy,Energy,37.26,1711470.0,661860.0,13,7,2010
977,978,Faveod,No,No,France,Support Services,37.22,2598585.0,1005658.0,9,7,2007
978,979,CYE Energia,Yes,Yes,Spain,Energy,37.22,23673728.0,9161867.0,15,5,2013
979,980,Integrata Oy,Yes,No,Finland,Financial Services,37.15,9409000.0,3647000.0,105,33,2008
980,981,Regular Trade,No,No,Germany,Retail,37.13,11671000.0,4526000.0,25,15,2010
981,982,Expleo,No,No,Hungary,Energy,37.12,2696785.0,900686.0,15,6,2011
982,983,Confezioni Velvet,No,No,Italy,Fashion,37.09,3355870.0,1302640.0,21,21,2015
983,984,Activ Bilanz,Yes,No,Germany,Property,37.07,17286985.0,6712146.0,10,12,1998
984,985,Family Nation,No,No,Italy,Ecommerce,37.05,5300370.0,2059190.0,12,5,2011
985,986,Majar – Matzaridis Bros,Yes,No,Greece,Technology,36.99,13224865.0,5144442.0,19,13,1994
986,987,Izertis,Yes,No,Spain,Technology,36.95,50740841.0,19753150.0,791,431,1996
987,988,Fashion Commerce,Yes,No,Italy,Ecommerce,36.88,2349000.0,916000.0,5,1,2016
988,989,Bulk Tainer Logistics Limited,No,No,UK,Transport,36.85,56054130.0,21717432.0,105,41,2009
989,990,Wingeco,No,No,Italy,Industrial Goods,36.75,3407310.0,1332330.0,22,12,2016
990,991,Meblobranie.pl,Yes,Yes,Poland,Ecommerce,36.71,19295429.0,6909799.0,25,12,2011
991,992,Queraltó,No,No,Spain,Ecommerce,36.69,21900903.0,8575344.0,67,39,1898
992,993,Phobos,Yes,No,Slovakia,Automobiles,36.66,3529454.0,1382844.0,12,8,1993
993,994,Archita Engineering,No,No,Italy,Support Services,36.62,2739230.0,1074130.0,5,13,2013
994,995,Celeritas,No,No,Spain,Transport,36.61,58139933.0,22805398.0,27,10,2006
995,996,peopleForecast,No,No,Germany,Technology,36.59,2086411.0,818658.0,45,15,2014
996,997,Digitalpa,No,No,Italy,Management Consulting,36.59,1731340.0,679440.0,12,41,2014
997,998,Faktenkontor,No,No,Germany,Advertising,36.59,30967000.0,12153143.0,150,100,2003
998,999,CLAREO,Yes,Yes,France,Retail,36.58,18854708.0,7399729.0,53,13,2012
999,1000,Laca Trade,Yes,Yes,Italy,Property,36.55,24741510.0,9717860.0,5,5,2013
1000,1001,Name,Yes,Yes,Russia,Energy,13123.0,13113.0,1231231.0,1313,1231,2012
